41680536-d8bd-441a-a9dd-0269c3ee62a2,0600e8da-b52c-4243-a959-f97f2708c62b
804bbdae-6077-4b1c-98e4-ca7424fda02f,1238f6fc-1311-4b5a-863e-3358f8f99362
e48e51f5-5554-4aec-bbb5-70dca704a9aa,73eda7ae-2527-4104-82c3-0a555bde82d4
5750b973-c4de-4b17-bb41-6a2cac905f3e,82ae8350-7862-484e-afc2-96ae8a6ed45b
ad399ca7-a5dc-4a0b-80a7-7c281906fc91,848db933-038b-410d-abca-3f1289b6d04a
f43e3a65-3392-43d8-a454-9b7ec9b8f8d3,9aecd08f-19a7-489d-8ed9-3954f53667f5
9949001a-7a6a-4b88-9806-396560d7ea5a,9e096e3f-853e-4401-b3a4-2d165f8ac2a5
a5bf90cf-df60-443d-81c5-e3f9841e1746,b1022765-1830-442a-a782-a9539d356b1a
189b6125-5496-4da5-a605-4d04197a8b52,c8168093-ab9e-4617-b69c-c1128b3b6233
25876936-df3c-4d03-9b16-d30c20d2a166,e854518f-987f-491a-a6c4-10378f893dc6
