v46i9162-1193-qp3j-669f-x3386189z626,1
29923pwm-1c34-868s-77ez-592l82eb6881,1
l72218zz-846v-223c-48lz-88tq1513e34u,1
32u146d6-21ct-9b65-23pu-5k9664831891,1
6voim178-5241-p49u-919p-tm27576544w2,1
4795911x-n1u6-761g-a891-8r48865252g8,1
4v76ge3w-4l56-2586-4995-a195bs958275,1
665q7898-4762-771s-1cm4-45es17n48489,1
95rjty39-f34d-98v6-b276-519e19683727,1
891jt7j4-691j-l8bt-6awe-v2f53e3b1o1e,1
99z6k31x-2545-938m-3242-ph3t9754i33n,1
4e1x6192-1k62-h485-g986-814c448257vk,1
71qli592-q2ww-31u4-5qda-1464pvfkt35e,1
16v8t3h8-685y-9387-j749-6631e133nq11,1
v587f794-jl6j-2322-6136-xuvj2m3kj472,1
8h4946b3-8ek3-4e43-73d1-c9p35c964482,1
868ty922-6d5e-684d-p9j3-8f49747289vu,1
47s37k98-2573-748j-6945-a4892543lnt4,1
v9s77x73-39kv-5991-u354-4uv188265315,1
vy5ua278-17an-l165-h698-6u358i8973fd,1
8x4974g3-7b36-3896-85u3-468t72s38772,1
lmr65f34-9w48-wy13-27a4-4p2784v44899,1
yd73588f-467e-mk74-2v9r-73n7lx8ypq6k,1
r98y7f41-6629-7491-555x-369612u2719k,1
73xst171-7744-4691-v625-577g77784838,1
nrd682a5-j89q-61ph-4xqo-22s5r1796eh7,1
75l7qfq5-7v7b-k541-p9f1-l443842o5a19,1
t71v89nu-3113-8881-23d4-184amq2i22m8,1
5785r39r-4134-5421-9n5q-n3s518489i63,1
73187a86-9d11-1d4h-774g-2657kn34m461,1
on96272b-6183-q821-do79-b79dyia14181,1
67515bk8-4262-1t2d-8619-5461fwo96923,1
rc352fs3-tw6t-e621-3373-62373x14318v,1
d98sy68h-93a1-4c5r-2839-6ql844c97ei2,1
954t5596-7618-464k-4846-12l4m57756v1,1
j478w47a-4337-51k5-6413-583tzg4be288,1
25vb2275-7ut9-i2m9-5j1h-g91b8572o13p,1
7a74e38q-8646-u485-3mkq-f1vl4f17486v,1
4qq3511h-2645-9632-t974-354glm14511j,1
7o87558i-g48n-a58t-79u7-d26666583d97,1
87mn241r-y6d2-76d2-xzy4-63j1775763w6,1
99va8131-k957-9933-96mj-xx6pc7941241,1
318c1wr6-2275-3428-o2t2-976x446m9514,2
6679s433-243b-845e-1519-575343619481,2
v8214156-o5z5-7315-8365-7v717274lqv9,2
683521q6-32l1-lq95-e9a9-58gb655p5372,2
ku3713l9-8438-7586-226q-17u8e9541161,2
4j5181tv-4587-a732-4828-v3je1358t362,2
587533h7-d1s2-3p6q-q1j1-29315538pb41,2
29l61ipl-2151-2113-8577-297p4bh71eb9,2
qb4l6pdk-6e9h-5wj4-396l-83959727262l,2
682f673d-68lr-29d3-f35m-15956wl6u737,2
73712392-79p5-46xo-6wt3-9u7oq8625145,2
74z87t78-8dd8-585g-u1e6-3q3879kzys27,2
2x35a551-65z7-t925-7b7k-f292477812gd,2
5c4a5j6c-5436-6782-2d29-9i957kn1d1j5,2
542g28hj-4ht9-9431-d2w4-l854r7duzn85,2
bt5181p9-s4q6-79h4-283z-75q4v234259a,2
228n72ue-uo9h-1134-4c52-681gs5fr148z,2
51w185sd-1y58-91zu-9976-95d1992j315u,2
6c2w8426-7n3n-j1xo-6y1x-a26898tm9j19,3
7h85455r-aly7-b133-4n58-v99293781378,3
6391ts61-w28i-o415-9t26-25w842htx2tk,3
789vk7n3-ya9v-s875-b375-pe498559q383,3
587r66up-42o2-x3zz-sq68-285567477d43,3
jj2pw63g-3o3x-3946-76e5-111u86763l86,3
6l44vs75-144f-586g-go33-1349913at6b5,3
18dh9243-6px2-5923-6663-1xq456d6e5j3,3
82p538c7-m75c-5265-og67-9k25t99358u7,3
886t1u67-11h8-wv73-64ma-1d4616318116,3
824yf2c9-6388-17z5-3218-4zd43j42915b,3
56275476-11l3-4441-8t65-23r4t5k62968,3
662q7h73-v681-887o-8lnb-4b3392tf8565,3
2715675s-4wz4-19n3-z3nd-t2lohs61uw5n,3
8mt659d6-5e12-h957-2115-3s1imy524d96,3
1m873oj1-7698-785j-1mdj-635k16i335c3,3
5t9994fb-3c7r-24p1-34ag-7999s88v91z7,3
e822bo43-741i-82i2-p581-6dz31uwvma59,3
7u571649-2888-57nm-1273-8y5rq31f2j1m,3
33h3s41t-k7r9-2937-69b3-1771n8j33934,3
p6rxjz39-22q3-8395-gz64-dyc8n8365276,3
ee58123p-dc39-9633-it35-5a9o46389999,3
o51o1m19-365x-y5v8-44ta-2u13r9131725,3
821o4mx1-3866-35uo-9wkm-334erz16xr55,3
b171896i-69s4-9494-13s1-3d53c9s1377m,3
461f6971-6ak9-45a8-415f-1j5478722n57,3
5428wvey-w131-2646-3454-h17s267d6479,3
8k8845qn-myf7-4mgn-699m-t24lp128f5lg,3
k727m7ql-he62-45ye-9263-99z27buc2721,3
9616lsn6-324i-6811-8k3f-9h581o268962,3
5ylx6526-1e41-13i1-12d9-5jll1yz5f389,3
8ry88z26-n1aw-c9dk-m517-957r2769r1s4,3
2o57c586-31r2-965t-5221-62419u5p2367,3
2l39524p-9226-2t86-4283-1z974e914614,3
77779o16-1za7-5w7f-7x45-79m3999896m2,3
3592fc9u-3w9u-3g6y-j495-291759581b64,3
89a1y85i-19y4-144m-4297-e382h8b5rp22,3
x711w9un-586i-s78f-6728-g8p645361e3c,3
16954d74-4831-g64e-2j25-577463g96951,3
s744w461-z478-4jd1-3757-1863bx58p8s9,3
698928nk-3554-7335-3463-52947h2i3e61,3
w9y226s3-48d8-9111-2386-bn4pypw5bp9h,3
566349o3-769d-85x4-9583-6ikc5x1ez9ej,3
1183e844-ya46-1863-ev46-o1511r9586ge,3
3g58328i-d856-117q-q8k5-81262t587333,3
42s7sj23-3924-37j6-6477-r577611x1894,3
si152v14-915z-r2y5-z71y-m2351387a877,3
ijf25528-271w-6754-294n-tc597o284iv7,3
71m7g4h9-k7t4-x945-e677-47ir79pk6qk5,3
p93318jd-s663-8767-134r-9o569127752k,3
v97248q2-3721-11c7-7422-5278rxi3478q,3
x42i26q9-75ta-28jr-744y-2h18htk1791i,3
jh386u7h-5x26-84k2-7863-65qo53599849,3
7wm95o86-983r-t227-7254-51l86t593253,3
943d8lyp-8695-12vm-6lik-4b3p2kz5612g,3
3b3tz8ur-o7pb-8164-9619-1u364861q19f,3
e9u47z6d-j398-6e2o-57nm-1mk1755xrkp9,3
el534595-7e97-ggak-y81i-1x627i648228,3
w17a2467-6152-4731-6k48-954eovih89s1,3
9873262f-1a6f-679e-g4k7-57e662971n95,3
p534p2a9-g2vv-843w-o3b2-d4y85v939131,3
j6246tuc-5y81-2472-564a-c6v996n2yl35,3
44e5261s-ox5r-7s41-53j7-o18346712144,3
415j13z9-1558-4z1j-bq42-13a1q1773828,4
944dctn7-8133-5387-r2k3-t45h9ug2p3d8,4
83w4l8y4-r545-1621-87cw-9d934i2517d5,4
2d6i3gg4-4k6d-2616-95k9-88253376972x,4
1h666sh8-4769-1178-yx4o-46ewb39j4317,4
n98668l8-3742-625q-m2k3-1z1x5i2y4h99,4
6b5467js-tr1j-5388-d997-9p49xga7n6q8,4
a57u39z6-1837-4848-8622-1825a4y2148o,4
26u81v16-317k-u746-3241-48334834h8j8,4
48443858-846s-32p1-47a4-5919t625yq3j,4
99f72wp9-8t97-kt28-t185-52919r5y9419,4
l635hu12-v4c2-jux6-894s-559624788f91,4
rxh4597b-12f6-7795-xv8u-f159wu629734,4
wi9d47z2-96w9-x187-na59-t5i69632519q,4
c4315156-64yn-3m35-75f6-k2595314y42w,4
z218557e-lmz8-3578-7136-853565u463r6,4
x29616z5-bxq3-1c92-6z31-d4v96nq818ht,4
8h482z84-hh78-3m5c-45w1-725747f752r7,4
33g86xwu-v78t-99ny-9736-786tk3p65x18,4
73fl993i-9o73-7441-9231-78s65y7nr3z5,4
5z4bf8xc-867l-or27-4g71-b2n369v53249,4
548xglf9-4y3u-d219-3d53-pm53w263le66,4
4563p42y-652q-7824-h194-82q532xz6q91,4
5n1t4818-y16u-u25r-1625-y3974a7x9146,4
21812l17-i83o-4612-18d2-b7136j43k4i5,4
66t92c5u-1375-6968-8w84-357643594128,4
58wv5823-8675-25bb-21h1-78q84a4c757e,4
82118467-5l54-3668-e391-17k4kr3429c4,4
1865tq51-sg8a-8u5f-4w89-d1zz15h425a6,4
66o3h5ie-4271-1w9y-53jb-w189kt1832ag,4
6698251g-5c5r-m515-1hqm-6299v759ly14,4
5699637q-ij8w-77uo-2936-5298q65l4f7s,4
5361m3y8-8335-r714-9382-2r62s226i71p,4
5536a952-7o59-g9im-q5z1-824jn6zkwob6,4
3di999y6-b46p-89cm-1u25-7j68439j8l11,4
w82358ha-8r52-2jtk-n19v-o6vix8h6699o,4
2g736953-566a-3y79-w931-86558o19315w,4
u37c9f53-ypw8-49z6-7816-93g247993u36,4
9q551533-s714-2622-dr7a-2v126e72tp68,4
p8y7463q-6d34-3462-2w95-1b79nd5m8847,4
897418fy-88w2-8g59-6wfg-946629z6i32d,4
uv4mxo3f-12x4-8d85-72j9-6566f588342n,4
duk24x95-3147-8u8k-h778-2485sk49d283,4
294g6122-988e-129v-5218-89voj1i41o79,4
3e78f89u-6s94-s954-8z91-n4523ub3e946,4
3n4hgd5t-25ez-633u-7762-16629lf49419,5
5o91n69i-2119-3778-tccu-9m889k8245fe,5
1i72w8d6-53in-r173-85gc-378858tn6284,5
378oy5ya-38l2-vlah-5389-1162131o69jb,5
8qp159va-b637-311p-z199-88v314396431,5
24766642-6487-miq3-b284-47i4x5885y59,5
ab1h6229-378j-8394-27o3-82nn63625ee4,5
1u56mk74-2w79-1985-49bh-l66x73574868,5
3g1w57vf-4779-c54j-297q-4979842or156,5
c4u81445-3ev9-3271-vpwj-pgra3n117rc5,5
q36gy38w-7ev1-3665-y134-8211978su836,5
2h13k17i-2b71-56c6-ffm2-1d7139iaoj1e,5
27956q8b-54t3-2b89-211s-l6798c418ska,5
d2823nuq-6t51-3826-nbl6-i73925jv3941,5
84562n69-9962-17jf-8221-am188is77d1x,5
38934lw6-kd36-1zhp-73w8-5np9l6246b26,5
1m149874-n295-ce17-tw2q-ek74zybku74n,5
7z724x85-68me-r3qz-8k64-3kj9948e5646,5
736bk21a-8b86-a6k9-hq2o-h38d7ps69f44,5
2f966f77-f91p-4772-y762-m61a5wopf486,5
e5p9541d-8b85-6562-j95k-e7445h416yi4,5
4t74442x-43h8-2z78-893u-ws222h692rdw,5
8q7143j2-3gq9-55l3-v9ai-k4k8h6a587v8,5
4a16968y-twqs-u664-1265-858q82f678d5,5
74564897-h6o6-zw25-557q-c9226627n5f3,5
359lf977-2q3t-4r81-5sn4-e2122796gzz6,6
3d922967-4997-5k1g-7i6g-8p56xj64174q,6
7r442121-574x-l7t5-1f3y-16a3976v8633,6
98py8862-l2r2-f145-3m68-63r735724458,6
lw7lbg5z-1474-4252-f9kz-1b7572493839,6
78f6ha41-3523-72t9-6rq9-7o57au3l44se,6
18274l23-315a-x6i3-wx49-n692h8iry353,6
rl372h99-3el6-5fh3-715b-7716yl111n75,6
y6191nn7-9122-t719-3746-536p4q37u322,6
849254dr-3234-3133-35hb-2474f6zg7372,6
8u16o61d-2191-5vs9-o35z-21347k1q8l48,6
p54rca64-i555-f95x-992b-328875gt3t73,6
71239cq7-t913-2xl4-k4k1-22mt86616712,6
3196m5cp-3499-7235-9p52-2k92a26f8dk5,6
wu63637a-42t8-ip31-f617-3p81888t5a44,6
k1494573-61e7-28zg-z631-599397g8sm92,6
97574816-z596-9yjf-d9cb-91k728382982,6
7715813l-4279-o176-3c82-zn47g3nq77t6,6
84gdo9fp-4287-d397-842s-7n5jgm58425a,6
f2236296-3n52-687c-59e6-4732k461dq6d,6
8lre6g75-2252-12o9-8328-9d2447o5f977,6
t8q4bqbl-71lu-81o9-zw6a-4u5861988417,6
4563gne7-9k57-858d-6s64-31n97g68395o,6
286g6797-1232-54x9-2e86-357545136y63,6
63239p98-1324-u421-yy72-9sa38q2t28r2,6
6lt171m3-1l43-n481-l349-a4d2ef29m363,6
3413669i-64y9-ti35-4364-5a18tjci2qs6,6
5u295457-8i65-17s8-69m7-3g28165i1ag9,6
874j972q-9a93-2828-71j7-k25n64299288,6
2a18c67r-9s62-664x-625b-7921778cj9dl,6
1999785n-1729-l248-1611-j3s77749926d,6
29318747-k6e4-p745-634g-69rii8id1541,6
19224792-955n-4364-9999-x427hc993tp4,6
t7873m2z-t33h-9326-142q-2e9155n4rzgn,6
7z46l467-38wb-w151-4147-4p595w797b42,6
rs352o27-318h-7142-3391-f56122969g44,6
639vc451-7587-iu23-13c4-wu4vo2864648,6
44kq1287-4268-n379-9588-7f221819kh75,6
95695237-xs64-ng31-498p-7s66q4a6s9e1,6
9z53b621-3161-t9qi-s729-5c983xu53r63,7
2762k491-12ab-9f95-j299-7a2275h9t7y8,7
u6h4ct97-34mo-8669-b2w4-2v7h2366x993,7
a247a5h4-6684-6q5l-8925-1f74vu47f264,7
32fm4a7g-4945-78m5-929z-7359831y7fb9,7
v259d397-a8mq-j158-9345-27a71876hm88,7
5t2476y7-6214-2o94-3165-t85545k17177,7
61799s49-53y4-2q67-127o-45n1457837ef,7
3116isli-bc38-46o1-3i29-9223f782g47b,7
5ly353t6-clw6-5pp1-2427-676783t75u54,7
6b14o6u1-8474-3x84-29c9-q18v29422gs5,7
58854544-89u7-e992-223f-c966622w16c7,7
nti364m8-1999-89i9-2f76-95598p6uz5f2,7
76a61782-oe22-5vi1-17e7-83l514759895,7
qc4mj388-b1yf-5o5m-6s85-2gd317grw164,7
81885255-4565-1353-r318-141y22xu7676,7
79178937-x12e-4898-1542-96o3oint14b3,7
491453b1-rn5s-4541-524p-51486ws75u58,7
59zuk5ag-r3y1-6s6c-r416-3p5k1h431698,7
41313518-56ii-b8g7-68v4-83xu1117575j,7
vo58654s-72l6-6d12-2779-t7mu2c16g718,7
d49d46yh-782f-tyi2-825u-722o136l7999,8
24n4v3o2-c6o7-4186-575i-427198255696,8
6x5e3zk1-8365-tp1f-667t-1183x88149x3,8
14q274k2-863i-m9g9-o231-ubc5979o8865,8
97sq6353-3ndb-696j-7572-4wqd511fe441,8
7zv7k366-q247-3n87-l63r-84pv71234919,8
6787127e-977q-o635-8k83-eg6rqa6cb344,8
h8t33568-28y2-9qi3-ob9i-e2679zjwtd23,8
5114n852-3a37-1831-14m9-coa3mt7fu8r6,8
9r536vh8-rmc8-1k91-5642-l5n889l3145u,8
73642525-51y1-64t2-67em-3585j7g65451,8
46979339-i437-8484-97x4-v656n1399o16,8
1x77e114-f367-8346-su23-u8kr5u11yn6b,8
9r414717-rdj5-l624-4a8k-v78jxp1173hf,8
v51527dw-ea9u-1736-5ucv-1g6t67492l73,8
1jrr4v7k-977h-1556-2186-9g413i31k553,8
8462t8m8-48n4-g6w3-11t4-n4w4485t16v6,8
455752f9-1594-6m67-93p6-2ak76g5u2mh7,8
p9662d25-7o49-39f3-748p-aj6337k35w25,8
186513yf-x5s8-6814-r8w1-4wu53j23pb47,8
2d9x8d72-zm66-4y41-2462-73971ozsq829,8
35o87499-e9v7-q331-7191-827824jpw471,8
m836s1o6-41zn-1udf-u569-wu46472474r6,8
q212v76g-335w-4985-868x-6462h5w4392j,8
325m41tj-2585-571o-d3h7-64o57c44q766,8
68w21357-89b6-172a-6335-ej65b641c6s3,8
4ri7726h-5l45-8942-4q3f-36f56s8sihk2,8
7r8d2296-21y8-223n-o26y-m1y1h3844656,8
4977vf46-8932-2at5-961e-1g2x51d56535,8
wz2v395o-3e69-477c-89r3-922232v2g25i,8
89a54ue4-ob4k-9685-9224-5tm3872yk43w,8
o55rc13t-821g-i683-5423-a21i59249gm2,8
4fy32275-4u2v-e7eb-9593-3j89k78277z9,8
57r41p9o-1731-196w-564w-6838z553u59g,8
48841f4m-l451-2j55-1489-7458j3o2rug2,8
p9b29738-41v6-4h39-f81l-2en6p838211b,8
yr45h221-23z5-4273-7w6f-362j232388l7,8
rh8773fw-58y2-1873-jz1q-8z1d4xr789x1,8
2224k647-27d4-q2xk-4i7b-117x12x1bc48,8
o8d2p982-f4p4-1518-25f8-452629imh62x,8
9l4242l8-f972-8889-1qt5-42o691519171,8
63i57tok-436q-z1i1-6826-9f418t18u766,8
53oyu574-7j6s-6364-878l-k7r711g68986,8
648a482m-54s5-9488-ivnf-8g6vu8t8531k,8
752j6opr-2446-ztd9-5dg4-542683n88s8r,8
155l37t9-7no6-6696-n4x5-6k3515758mjz,8
4j24sxga-93te-3dy4-1k5m-54341d85d9e1,8
g67l5388-6t25-2558-66i6-u5k211l91i51,8
zz937252-c96u-r84t-99bp-79512oqg71o5,8
568m8631-288p-21vf-5dkt-w64av3531899,8
a8k73497-555k-4639-4499-52793x1mg849,8
x18e8651-178b-725q-2476-y1u32697698a,8
6yh3d44r-x7n2-5575-rb77-27zsd78b77v3,8
n8929r63-4591-81v8-i89n-24jspa2i4h3k,8
92bg4359-9s47-59a3-719s-28688844w69k,8
8483k42d-5382-88n8-1d36-464t999x7946,8
w1wjn66w-4151-4i25-56l9-z2467o1e9r21,8
42w7a251-184b-j557-n57a-62e263941234,8
22885c9e-ca79-97n5-54xz-4485p7lt2a57,8
311cx2a8-7148-18i6-479l-i2w842l72498,8
8k864126-9sg7-8wa1-31i2-1ib1m41cx984,8
333pco86-8i39-v342-2376-888zn7817r38,9
2zge4135-e2w7-36j7-i3l2-154q52a7r2zq,9
15aum8w4-9422-i42i-4k28-h837779bk314,9
6523267v-g257-4663-9157-5x564a4w338d,9
41967o51-8cd7-6e6w-6895-669i5243me88,9
9s13o565-9578-792l-41f8-e589o4573768,9
t54278t9-5xl8-8u73-7t3r-846q214937q7,9
2v2243d1-1o36-5816-a752-16o8q3x111oe,9
m8815pu9-6724-7599-1d6g-55433c3n15zn,9
6z3891up-5fj3-3ma8-3745-iun6v3574d81,9
5591981x-2575-5168-9888-z36148w7y76c,9
998k88ee-wi81-921z-7779-5kj8p79uqaz2,9
ef8283p7-ncv8-k57u-89y3-o45g8954z9f4,9
5837z323-2741-34q3-2482-b1r5g3943gyj,9
374zj816-121l-x731-l889-39g953x1g9p3,9
587j9oh5-xla5-37q4-f789-27tl5lsk9163,9
d845189u-444d-e1yg-1jp9-h36318wc88d3,9
s251394q-87p7-1182-t868-7158966iii85,9
tsk27219-a7f6-556i-utz4-9v3558uo89s3,9
96145181-4c17-p991-9u64-93jo2177ff9l,9
9rkjf621-k2qu-jr67-2242-469br323gx8f,9
78j6x5h4-861l-2586-89a2-8m8mp6owc96g,9
q98331bo-a998-e8q6-st42-9197339n9532,9
d9719i6o-etc6-92q2-25l2-385433ey5lrq,9
316412j8-6174-5756-m473-863452f912g6,9
88799x41-2vq1-zd47-6nkm-7u5623761g98,9
36416173-2473-5o13-6wh6-tf88685hu7z3,9
1d757224-2688-89z7-85l6-j173wh459883,9
76553d34-8534-8lda-6r38-xk321d7ia381,9
768952h5-f9hu-iog9-p655-t49o41x1y532,9
71248y37-c163-8624-s621-56x7438y6c8y,9
2713fd9m-p699-f11z-7qb5-t2z7d762a735,9
9926l754-568n-7f8d-x1o2-75819836g548,9
445692wn-52l4-3372-j1l5-39231445u195,9
526yg994-5s7f-2t83-5h18-666ff54k6ipr,9
2tmul7v8-52j5-61q2-94jb-814639b3358t,9
367v264j-3z3g-3964-x57j-2122y332g696,9
74w51a72-k549-3z91-11p3-mol848699j5j,9
x28h8453-758c-7t85-u2r5-9456s15e5695,9
626e4976-53u5-7f22-xzor-xu8tu7211bf9,9
8898f5t5-ivr8-b23i-9981-3n724z28fnw7,9
8d54649k-o9eu-m6n5-394d-7161w4277wz1,9
2d416521-2565-3136-1554-5bw4p8m61b34,9
jt3636kp-5459-2865-m675-z65k8653363u,9
1c871o57-31c6-1o37-j553-955b39919149,9
3fpf2687-47m3-67mh-1l78-63f327l69u65,9
12qfg897-g4q7-526v-i177-85vz8q5exw2w,9
67764444-j3m5-9b7y-7q79-j5719xt244z3,9
33883vzr-3973-gn49-pc13-r4e9194357r1,9
1535s54m-3qw9-82n2-77vi-9288483b123v,9
466ol53n-j97c-2961-3575-58jq22v5sdpc,9
2jxi6755-9hin-5516-3f3g-e33q5581b445,9
36226e26-r615-77d5-w93v-86m624841yg2,9
55za46ak-p9u7-2271-h239-747525594aqd,9
74ynw23f-278l-7r64-4268-p1k775318332,9
388xzpw4-867a-88y4-87w9-m3g473f41o64,9
182332ot-8667-7sc1-2415-7d26r2z8o372,9
8ef8ifb1-e2f8-pmeb-84s4-38r441179x59,9
n28x81xj-i44w-847i-4129-d134896s1296,9
w76s8973-7qq2-ll95-43y4-56o7w1186s3x,9
93515533-m467-151g-m4p8-387458b9e7h1,9
86f745sg-2139-9311-1q85-c525r21t696j,9
17246228-1t97-j2l1-1186-59z5go62591m,9
45yi44i1-65kz-3581-334n-4g1gus16r5d8,9
3612y883-h395-56t1-9239-3s1v53v9w324,9
t14y9364-4587-4hr7-pw71-p393r23684z1,9
2a912919-11v7-45yl-6863-s39712354m23,9
p586b821-26n5-4828-3c48-cx7l52ua5684,9
9a1164b7-2749-43i6-o8d6-25668q5qp74l,9
9j998251-wdq7-2311-1o16-iz739f62a28s,9
f81do3zv-3147-7rj7-569m-5rdw3yx18298,9
c2643hys-2498-k17s-7y75-9v87j9i3h6i5,9
j36y1g77-82c6-9284-5118-s46j7d3h7f82,9
jq7m8r92-vtk2-w27s-i152-g46932755667,9
66596649-5m26-27t7-969h-977527emq8j3,9
698v815f-4sj1-8746-14e6-pjh13667e376,9
c46n7jep-t855-47i5-22vz-w746715h7595,9
7248o2m5-s89h-z4fn-869t-2z948u6539av,10
