7248o2m5-s89h-z4fn-869t-2z948u6539av,r9dg9n11-x5nv-22u1-v6iy-3i762as883h3
c46n7jep-t855-47i5-22vz-w746715h7595,9x25z78w-41q4-4624-n683-1951o396o7y2
698v815f-4sj1-8746-14e6-pjh13667e376,47247129-6694-4893-5234-z6961o7i822k
66596649-5m26-27t7-969h-977527emq8j3,c53d975a-3b79-8982-b9x6-8h63m1f36867
jq7m8r92-vtk2-w27s-i152-g46932755667,7r4x49h8-2g8y-4g24-y87g-563z31y42268
j36y1g77-82c6-9284-5118-s46j7d3h7f82,43259y81-c44e-kb8b-c2d4-548913624941
c2643hys-2498-k17s-7y75-9v87j9i3h6i5,7651ilm9-rl79-z2b7-jkpy-98j76524bs8a
f81do3zv-3147-7rj7-569m-5rdw3yx18298,39463n95-m19c-e97x-9w64-29r969133wky
9j998251-wdq7-2311-1o16-iz739f62a28s,8w7t2812-46v3-5q39-623n-le2z7y3f96r9
9a1164b7-2749-43i6-o8d6-25668q5qp74l,3w263262-5v41-b53c-bf57-39z3912e1q33
p586b821-26n5-4828-3c48-cx7l52ua5684,b5863443-y27q-3351-1372-78419489645o
2a912919-11v7-45yl-6863-s39712354m23,w3w76q38-7d6m-3762-u768-3752hx684146
t14y9364-4587-4hr7-pw71-p393r23684z1,n21558j6-2719-lmv2-ak12-75191b6849f7
3612y883-h395-56t1-9239-3s1v53v9w324,8kt43364-obd6-b391-5424-a73454114555
45yi44i1-65kz-3581-334n-4g1gus16r5d8,a9246l34-7b67-d537-94ix-w399b55lrhqt
17246228-1t97-j2l1-1186-59z5go62591m,411229w7-54g6-me36-6v71-m534155f4845
86f745sg-2139-9311-1q85-c525r21t696j,bd18f474-57w9-319i-625e-48e745215xm3
93515533-m467-151g-m4p8-387458b9e7h1,zi424gd9-7v35-t2yq-244u-8432vr16b414
w76s8973-7qq2-ll95-43y4-56o7w1186s3x,1l5c2171-6mi5-5js4-2z89-8473jpnvurh6
n28x81xj-i44w-847i-4129-d134896s1296,54449t3m-gu97-uwb9-4s93-jisz49425276
8ef8ifb1-e2f8-pmeb-84s4-38r441179x59,4e34fs23-1l54-jf35-z11x-578w7676175r
182332ot-8667-7sc1-2415-7d26r2z8o372,7m55n771-78y9-7173-6sts-25126353u2f7
388xzpw4-867a-88y4-87w9-m3g473f41o64,h638738n-c864-944k-u532-649514l92738
74ynw23f-278l-7r64-4268-p1k775318332,18586181-21l6-44z7-4425-9hdk74137475
55za46ak-p9u7-2271-h239-747525594aqd,g6x26kfz-8yw6-2789-h1kn-wku58jga2p49
36226e26-r615-77d5-w93v-86m624841yg2,deon19l4-5dk3-7356-228d-642f4y8cc51x
2jxi6755-9hin-5516-3f3g-e33q5581b445,s7l26992-9731-97zu-7281-p255yxe354mf
466ol53n-j97c-2961-3575-58jq22v5sdpc,3kk94281-4gyc-oi14-3868-839499924146
1535s54m-3qw9-82n2-77vi-9288483b123v,c6596xqf-h956-p34s-242b-3594u5483i34
33883vzr-3973-gn49-pc13-r4e9194357r1,646sl5q9-q11l-8d61-484d-pi4b21n173fd
67764444-j3m5-9b7y-7q79-j5719xt244z3,9at41424-5777-713x-1944-8f9d742it7d9
12qfg897-g4q7-526v-i177-85vz8q5exw2w,993x669h-17xn-9774-a2w8-c1211a683374
3fpf2687-47m3-67mh-1l78-63f327l69u65,25881463-ep52-1k82-e882-r189un158i48
1c871o57-31c6-1o37-j553-955b39919149,39c49382-vfh3-9295-6j99-12384f57v329
jt3636kp-5459-2865-m675-z65k8653363u,4k578cwe-3678-7t2t-2369-6854159r72ig
2d416521-2565-3136-1554-5bw4p8m61b34,16588888-6467-33o5-62b3-998y96b1792e
8d54649k-o9eu-m6n5-394d-7161w4277wz1,1uvt2644-124f-3g65-r243-w2988a5db411
8898f5t5-ivr8-b23i-9981-3n724z28fnw7,56267q28-65o8-7178-yrxw-sz3e753e8y4o
626e4976-53u5-7f22-xzor-xu8tu7211bf9,p188swkq-7t92-6m38-7485-f255325dv177
x28h8453-758c-7t85-u2r5-9456s15e5695,21428u75-8464-q31w-7r49-ff99a9ie6w3s
74w51a72-k549-3z91-11p3-mol848699j5j,ww4z8xwf-am81-s636-3656-16i24rkv8397
367v264j-3z3g-3964-x57j-2122y332g696,43848498-a839-9277-3215-9751c6y82538
2tmul7v8-52j5-61q2-94jb-814639b3358t,rq3s4176-4815-d217-u86s-6t7r2o8rm291
526yg994-5s7f-2t83-5h18-666ff54k6ipr,44w817w3-e7t2-dq63-2s76-12896mh54v6w
445692wn-52l4-3372-j1l5-39231445u195,33617xq9-qli1-a4c4-2h31-9v7592248mk4
9926l754-568n-7f8d-x1o2-75819836g548,82p914v4-1129-8173-7394-8713ls3zd317
2713fd9m-p699-f11z-7qb5-t2z7d762a735,3mu92593-3f6h-u898-7336-269181i52755
71248y37-c163-8624-s621-56x7438y6c8y,1j22v7te-49sp-84e7-39c2-2n1592m3u248
768952h5-f9hu-iog9-p655-t49o41x1y532,215m22ky-k1qy-9482-8452-v9xir2d11195
76553d34-8534-8lda-6r38-xk321d7ia381,2xuj62jg-842j-1546-4xot-x344873165yw
1d757224-2688-89z7-85l6-j173wh459883,u6b87p3k-74av-2824-4h2l-m4y6b1p759f8
36416173-2473-5o13-6wh6-tf88685hu7z3,356y78s2-k4j5-64wr-e7vx-v11287g2g878
88799x41-2vq1-zd47-6nkm-7u5623761g98,e1244n99-13v2-e947-29n2-o8643t298421
316412j8-6174-5756-m473-863452f912g6,66o58n3p-9523-844b-5xwk-xd51ce429852
d9719i6o-etc6-92q2-25l2-385433ey5lrq,x3737381-81x3-e471-73j5-i33826ep6271
q98331bo-a998-e8q6-st42-9197339n9532,83m92376-7ae2-u53w-235o-g74q5ck42269
78j6x5h4-861l-2586-89a2-8m8mp6owc96g,83578cva-n248-c93u-v581-5b2353566w68
9rkjf621-k2qu-jr67-2242-469br323gx8f,257u65d7-54t3-989t-u222-282kt2p1557i
96145181-4c17-p991-9u64-93jo2177ff9l,t5828l33-t25r-9m4t-3324-7a65z11334nm
tsk27219-a7f6-556i-utz4-9v3558uo89s3,9b565x73-3493-86td-6437-h4984u965816
s251394q-87p7-1182-t868-7158966iii85,594ioi58-3955-2llg-6s18-9651jl879142
d845189u-444d-e1yg-1jp9-h36318wc88d3,l8l47665-5w3z-8521-7n16-8z6537533u2s
587j9oh5-xla5-37q4-f789-27tl5lsk9163,56x55s3i-vm58-8de5-9919-c56562751349
374zj816-121l-x731-l889-39g953x1g9p3,4g148918-l969-8y67-5q81-q2997a41x645
5837z323-2741-34q3-2482-b1r5g3943gyj,d5dr67mw-7123-acj5-xzx9-41n931cqbb7j
ef8283p7-ncv8-k57u-89y3-o45g8954z9f4,2hr56a48-5328-8979-1253-73w19975vm14
998k88ee-wi81-921z-7779-5kj8p79uqaz2,173869m6-3797-5621-4936-b511lb4v6745
5591981x-2575-5168-9888-z36148w7y76c,9fz176p3-6v4n-4511-13y7-v21a9931p5n2
6z3891up-5fj3-3ma8-3745-iun6v3574d81,4gw39168-1xp8-58q5-81j7-857c9o9hh161
m8815pu9-6724-7599-1d6g-55433c3n15zn,4974vmwf-5249-8t75-gaf8-45q3ec748374
2v2243d1-1o36-5816-a752-16o8q3x111oe,c4l3eg75-31o3-bsk2-4x36-485i565q1m8d
t54278t9-5xl8-8u73-7t3r-846q214937q7,3peaawc6-3629-9t77-651l-567789248657
9s13o565-9578-792l-41f8-e589o4573768,jb6g5j6l-uv1l-yh17-787d-7sq9975s5fkl
41967o51-8cd7-6e6w-6895-669i5243me88,ft8aw69p-45uz-t191-be9q-95371623238f
6523267v-g257-4663-9157-5x564a4w338d,795m6967-m966-2242-5763-798e6f22r631
15aum8w4-9422-i42i-4k28-h837779bk314,4646571s-5394-z3vm-96z2-69226752zy31
2zge4135-e2w7-36j7-i3l2-154q52a7r2zq,xc621u74-s669-8c3h-n79x-elbe89121336
333pco86-8i39-v342-2376-888zn7817r38,v7d6352e-h4ll-x72z-1878-6a8b7u3gr3y4
8k864126-9sg7-8wa1-31i2-1ib1m41cx984,822q92q2-6766-63xy-281x-9296549dn422
311cx2a8-7148-18i6-479l-i2w842l72498,18lo8196-r242-c23q-7f61-225466797242
22885c9e-ca79-97n5-54xz-4485p7lt2a57,g164ke1d-126w-32m4-l255-12925614q294
42w7a251-184b-j557-n57a-62e263941234,51r97284-2f37-76h1-85b8-3788f1i7z321
w1wjn66w-4151-4i25-56l9-z2467o1e9r21,1ry52pdr-n729-vh57-5778-4u8124453k22
8483k42d-5382-88n8-1d36-464t999x7946,56741eyx-7734-5588-86f4-t27jb37qm2k8
92bg4359-9s47-59a3-719s-28688844w69k,272u87l7-l933-i184-2144-dv38981675k1
n8929r63-4591-81v8-i89n-24jspa2i4h3k,84f6t65t-3br8-61o6-484l-r7565m19vtp9
6yh3d44r-x7n2-5575-rb77-27zsd78b77v3,96k85691-3618-y631-l8ao-384g3l563c87
x18e8651-178b-725q-2476-y1u32697698a,9k881t8s-53i4-86m1-8218-117q313kv185
a8k73497-555k-4639-4499-52793x1mg849,1y2235gm-k395-6od2-al95-i5xs6vor32jd
568m8631-288p-21vf-5dkt-w64av3531899,15236m27-8856-f7k2-4m4t-l14i9f15994e
zz937252-c96u-r84t-99bp-79512oqg71o5,92834544-w53f-7u14-8819-i773385248zs
g67l5388-6t25-2558-66i6-u5k211l91i51,i462331r-6895-3n62-q586-3u113rr74399
4j24sxga-93te-3dy4-1k5m-54341d85d9e1,g7344441-ti49-6gy7-9251-49ds5ddh8832
155l37t9-7no6-6696-n4x5-6k3515758mjz,73wy3445-d41p-h91m-51d4-g829r4171ip4
752j6opr-2446-ztd9-5dg4-542683n88s8r,743uq925-323m-n872-z2b1-58e71a437847
648a482m-54s5-9488-ivnf-8g6vu8t8531k,1898g59i-9966-m52s-g361-u311vl276338
53oyu574-7j6s-6364-878l-k7r711g68986,58u58y19-9514-m48c-3663-555g14243976
63i57tok-436q-z1i1-6826-9f418t18u766,8ro29u72-r2lg-a255-4332-96jh4sy2i689
9l4242l8-f972-8889-1qt5-42o691519171,am9234s5-g325-4448-t114-2976u76z91iv
o8d2p982-f4p4-1518-25f8-452629imh62x,g2i71856-179n-4bl1-3v21-7sk8378899d8
2224k647-27d4-q2xk-4i7b-117x12x1bc48,24n3m258-46vp-f367-9867-97ic1g6j85y6
rh8773fw-58y2-1873-jz1q-8z1d4xr789x1,4144496s-19gs-e6h7-96n7-y78j1w736515
yr45h221-23z5-4273-7w6f-362j232388l7,2c557734-598z-6u89-9q8w-j57b772b6c8y
p9b29738-41v6-4h39-f81l-2en6p838211b,2b2c62f6-oy46-k3u9-981k-w36l42991243
48841f4m-l451-2j55-1489-7458j3o2rug2,177137a2-dd3g-1exf-nf4q-6591y8u85m8e
57r41p9o-1731-196w-564w-6838z553u59g,fydw65bg-2949-8727-8491-b1c3y5b89h8g
4fy32275-4u2v-e7eb-9593-3j89k78277z9,2624862l-g326-7mk2-m9c3-5f398hn5797p
o55rc13t-821g-i683-5423-a21i59249gm2,5t2g8abp-3el2-863e-1x49-q86g119kl14w
89a54ue4-ob4k-9685-9224-5tm3872yk43w,17412312-c68z-393l-8422-4l599xi8924x
wz2v395o-3e69-477c-89r3-922232v2g25i,63cv4a22-i4k6-2158-1yo8-954bu1fq2976
4977vf46-8932-2at5-961e-1g2x51d56535,e5445x71-31w8-s241-venu-28b2ee396416
7r8d2296-21y8-223n-o26y-m1y1h3844656,6g571i69-54b7-x9a4-94tx-gz2offf167j8
4ri7726h-5l45-8942-4q3f-36f56s8sihk2,91w84t61-i686-2p54-2693-7517lc54289o
68w21357-89b6-172a-6335-ej65b641c6s3,l66364n9-9821-6d4n-82ye-h7t78z329579
325m41tj-2585-571o-d3h7-64o57c44q766,55142f4c-am16-41k5-9yy5-13ah776q6219
q212v76g-335w-4985-868x-6462h5w4392j,1o11746u-5qj8-42g3-5xg8-5z91n8797cdg
m836s1o6-41zn-1udf-u569-wu46472474r6,742e424o-4648-4p85-77o2-698y7u23edi1
35o87499-e9v7-q331-7191-827824jpw471,e5gb12bq-183h-4291-ct2q-828159n3c622
2d9x8d72-zm66-4y41-2462-73971ozsq829,9w2629hr-3415-l139-p37d-4uf35pv56i95
186513yf-x5s8-6814-r8w1-4wu53j23pb47,aizg21n5-525l-7996-2716-j5134981534u
p9662d25-7o49-39f3-748p-aj6337k35w25,9l91r4g1-4946-9319-9k24-u4q128w529ul
455752f9-1594-6m67-93p6-2ak76g5u2mh7,ds7x815w-f346-l8d9-9125-61k4776453w6
8462t8m8-48n4-g6w3-11t4-n4w4485t16v6,ce6j3248-6r93-9947-3b78-179r748w53n9
1jrr4v7k-977h-1556-2186-9g413i31k553,216542a4-7y91-91y8-5936-985lca562es3
v51527dw-ea9u-1736-5ucv-1g6t67492l73,3s172sg1-5763-s864-7327-869qb783972k
9r414717-rdj5-l624-4a8k-v78jxp1173hf,76516868-4in1-2245-9111-25h47tu4tc27
1x77e114-f367-8346-su23-u8kr5u11yn6b,398411v4-553i-4327-83uo-142794d93292
46979339-i437-8484-97x4-v656n1399o16,k9435199-78o3-58l4-8mj6-6cob9xk617s8
73642525-51y1-64t2-67em-3585j7g65451,4591f173-ns32-495p-2r21-62175351j598
9r536vh8-rmc8-1k91-5642-l5n889l3145u,n1szl5l6-64mb-twp5-6375-n6cr5u58r583
5114n852-3a37-1831-14m9-coa3mt7fu8r6,b84f5995-7592-6x9f-xa81-j144o6837666
h8t33568-28y2-9qi3-ob9i-e2679zjwtd23,cn28n281-394x-9772-2396-5386496k716i
6787127e-977q-o635-8k83-eg6rqa6cb344,6m1961yb-yc24-z482-413e-498fp1ua9le3
7zv7k366-q247-3n87-l63r-84pv71234919,7k3tz792-x597-1757-8937-424f4kv94765
97sq6353-3ndb-696j-7572-4wqd511fe441,5697im54-9x27-v779-3i74-ck3528157x6k
14q274k2-863i-m9g9-o231-ubc5979o8865,9t379614-2u35-431g-l7g4-h9vi7pj364nf
6x5e3zk1-8365-tp1f-667t-1183x88149x3,7z616383-p5m3-4c46-7311-ds7546m87x93
24n4v3o2-c6o7-4186-575i-427198255696,34896w4o-24f9-9z7b-39bp-69289zf861e7
d49d46yh-782f-tyi2-825u-722o136l7999,17595c96-65k6-tvw9-mudb-48gr8x933e17
vo58654s-72l6-6d12-2779-t7mu2c16g718,12838af9-z419-98bv-x7x5-475234jr185f
41313518-56ii-b8g7-68v4-83xu1117575j,x8564s76-11v5-4433-9z5c-61f4o99m7261
59zuk5ag-r3y1-6s6c-r416-3p5k1h431698,k917k25n-661w-8vn4-14b6-il944631k8u1
491453b1-rn5s-4541-524p-51486ws75u58,599773r1-27oi-8x1u-s51k-ag77739k2txw
79178937-x12e-4898-1542-96o3oint14b3,o229x66s-862x-74e9-3693-259xg7pn1652
81885255-4565-1353-r318-141y22xu7676,796h71rf-33t9-87c1-7kl4-4311917b9p9z
qc4mj388-b1yf-5o5m-6s85-2gd317grw164,277289e9-31p3-74nb-98x3-m99dc8q17k34
76a61782-oe22-5vi1-17e7-83l514759895,m936pc19-e5hi-p5rt-4g96-2755898ujk17
nti364m8-1999-89i9-2f76-95598p6uz5f2,55632l1e-11v5-4a17-e335-9237afv67dvg
58854544-89u7-e992-223f-c966622w16c7,978l2r81-9771-23n7-85r7-11592319a435
6b14o6u1-8474-3x84-29c9-q18v29422gs5,49362g35-5d46-35v2-s778-76n4f748v595
5ly353t6-clw6-5pp1-2427-676783t75u54,5a92x253-4r62-1384-2nkc-9kdz51312729
3116isli-bc38-46o1-3i29-9223f782g47b,38592866-14u4-8629-119t-394h7549561g
61799s49-53y4-2q67-127o-45n1457837ef,211g42z1-q852-euwh-4j92-1m79392164n8
5t2476y7-6214-2o94-3165-t85545k17177,17r7r6c6-h874-6971-35z9-523545971353
v259d397-a8mq-j158-9345-27a71876hm88,8r62819t-p76a-l143-c48v-6g981631579r
32fm4a7g-4945-78m5-929z-7359831y7fb9,88w6794p-c88m-1293-d9uc-9878fxfp3d1t
a247a5h4-6684-6q5l-8925-1f74vu47f264,11h96a82-e3i2-r3ok-2357-v5lbkx13618b
u6h4ct97-34mo-8669-b2w4-2v7h2366x993,67356827-3813-nen5-1155-2f3w9si6115z
2762k491-12ab-9f95-j299-7a2275h9t7y8,63175143-5634-542s-3d84-212254993276
9z53b621-3161-t9qi-s729-5c983xu53r63,z21b7618-9677-7765-w3g6-x9431z29c37k
95695237-xs64-ng31-498p-7s66q4a6s9e1,22y315lj-9893-3wx3-5ir4-o289sn18e918
44kq1287-4268-n379-9588-7f221819kh75,j3344671-4419-9659-yxic-39r128197521
639vc451-7587-iu23-13c4-wu4vo2864648,2s7bj84i-d18h-ex75-awz8-428y73o85jci
rs352o27-318h-7142-3391-f56122969g44,a3brzd92-85k3-8y46-5u76-618zma65ny69
7z46l467-38wb-w151-4147-4p595w797b42,314q855b-86i7-75y8-cfw8-qr81972rzv89
t7873m2z-t33h-9326-142q-2e9155n4rzgn,o9158821-7z39-ai16-3211-xl6438l148z6
19224792-955n-4364-9999-x427hc993tp4,56j867sy-3m31-8563-n429-3n618uip1645
29318747-k6e4-p745-634g-69rii8id1541,172226k9-6637-ud2c-4j97-js2745q3r9zg
1999785n-1729-l248-1611-j3s77749926d,6z1r1632-65k8-857u-t741-196ss4v9l88s
2a18c67r-9s62-664x-625b-7921778cj9dl,1nc6537t-4n47-nc28-2g11-57632zp5788h
874j972q-9a93-2828-71j7-k25n64299288,6g3623g9-1275-54m4-x517-4723m3xr979a
5u295457-8i65-17s8-69m7-3g28165i1ag9,6s868q96-rw27-9w33-9w84-59174e898312
3413669i-64y9-ti35-4364-5a18tjci2qs6,767k7746-2963-71g2-55g3-735953o657vf
6lt171m3-1l43-n481-l349-a4d2ef29m363,6e6nz351-b837-2582-79sw-75498vo615yx
63239p98-1324-u421-yy72-9sa38q2t28r2,321g39n6-9rj7-p8mk-1rp1-tw9594a2z179
286g6797-1232-54x9-2e86-357545136y63,657q282v-3m6z-11k8-2lg2-43y91gw16a97
4563gne7-9k57-858d-6s64-31n97g68395o,653982y1-26be-9r8c-672q-28d35ba4g5m9
t8q4bqbl-71lu-81o9-zw6a-4u5861988417,4fjo47g6-8u88-94uq-6tb2-21157x431114
8lre6g75-2252-12o9-8328-9d2447o5f977,248uh832-4277-15lc-998a-znj4gf8z9542
f2236296-3n52-687c-59e6-4732k461dq6d,2a96c272-48h9-3714-sadr-o33v67989f53
84gdo9fp-4287-d397-842s-7n5jgm58425a,37943a67-38a2-5428-6s9a-v53911645k73
7715813l-4279-o176-3c82-zn47g3nq77t6,749d89v6-9m53-2629-j2h6-12a587ik5g73
97574816-z596-9yjf-d9cb-91k728382982,4i794z96-q161-399h-6643-i95132651623
k1494573-61e7-28zg-z631-599397g8sm92,8sm28if2-ddj2-7947-69f7-o58632f3c175
wu63637a-42t8-ip31-f617-3p81888t5a44,8qx645o5-ymr3-53w7-5727-o3p3zc5384q2
3196m5cp-3499-7235-9p52-2k92a26f8dk5,229b6c2q-sqgg-5127-s88y-2h2366n58n8s
71239cq7-t913-2xl4-k4k1-22mt86616712,9e59h515-9g42-64a6-9387-d9672311ki76
p54rca64-i555-f95x-992b-328875gt3t73,97714771-684u-68uv-1686-446e47457279
8u16o61d-2191-5vs9-o35z-21347k1q8l48,o7146auj-vw38-49ay-tdqm-445295m3115d
849254dr-3234-3133-35hb-2474f6zg7372,7q8n82g4-h946-t851-8912-4s545t2945ju
y6191nn7-9122-t719-3746-536p4q37u322,ht443lhr-hmp3-45pa-8tgt-48f9r8n2358j
rl372h99-3el6-5fh3-715b-7716yl111n75,9g3618sf-v85g-53e3-2z56-9htz2h34nzh9
18274l23-315a-x6i3-wx49-n692h8iry353,sllw8t25-oobv-5727-q4by-673fyc535mj2
78f6ha41-3523-72t9-6rq9-7o57au3l44se,91z69464-9792-o68b-8556-729889593778
lw7lbg5z-1474-4252-f9kz-1b7572493839,63975754-go55-75e6-223f-9771i273382b
98py8862-l2r2-f145-3m68-63r735724458,e194n5p7-z226-86w2-iwy4-48456125p512
7r442121-574x-l7t5-1f3y-16a3976v8633,e795r275-13d9-117c-27mu-4476pr21q537
3d922967-4997-5k1g-7i6g-8p56xj64174q,3673238r-4364-6k95-4c5n-7rg73561g859
359lf977-2q3t-4r81-5sn4-e2122796gzz6,74371hi3-e9n8-22v4-y726-5672qqltl617
74564897-h6o6-zw25-557q-c9226627n5f3,183t8948-15pq-olg5-39i7-twj6h887i62c
4a16968y-twqs-u664-1265-858q82f678d5,282o5429-2u5t-1557-ye32-f4j68j9e8168
8q7143j2-3gq9-55l3-v9ai-k4k8h6a587v8,68tfb244-317p-6a23-3168-942rh6j3j4w2
4t74442x-43h8-2z78-893u-ws222h692rdw,47941143-824k-7s11-l1c4-395o98355po3
e5p9541d-8b85-6562-j95k-e7445h416yi4,2172w778-24g3-2b16-5i9w-1668378un233
2f966f77-f91p-4772-y762-m61a5wopf486,62652374-1857-w461-o48a-4731y9l9r1c9
736bk21a-8b86-a6k9-hq2o-h38d7ps69f44,z6e673u8-psx1-549b-4831-571z4u97r2y8
7z724x85-68me-r3qz-8k64-3kj9948e5646,297666jm-5j47-6k75-597j-8qb3952824w1
1m149874-n295-ce17-tw2q-ek74zybku74n,mu6v5591-4kw5-eh19-2569-48r54z84287y
38934lw6-kd36-1zhp-73w8-5np9l6246b26,45p57424-8ts6-7pff-y314-m494412j715q
84562n69-9962-17jf-8221-am188is77d1x,648g9953-47i4-1835-5171-b7214sk682o3
d2823nuq-6t51-3826-nbl6-i73925jv3941,352f8961-w376-8136-4937-1satn8c57113
27956q8b-54t3-2b89-211s-l6798c418ska,76u118gh-234m-p959-3b88-8sa8189r8u64
2h13k17i-2b71-56c6-ffm2-1d7139iaoj1e,69815582-5174-bgm7-3ps7-x3e6922j2f98
q36gy38w-7ev1-3665-y134-8211978su836,379d2by1-ns13-el71-5l1o-q311s6i416j1
c4u81445-3ev9-3271-vpwj-pgra3n117rc5,f3192k61-58i2-7715-sltk-2668a59mm244
3g1w57vf-4779-c54j-297q-4979842or156,9x9q3h4h-4733-3462-3u16-8729f1o17gmf
1u56mk74-2w79-1985-49bh-l66x73574868,124k1853-5673-e737-385k-57j7658q7pd6
ab1h6229-378j-8394-27o3-82nn63625ee4,352kn939-g711-d481-t26r-i63a88kwn4wk
24766642-6487-miq3-b284-47i4x5885y59,57av284h-519c-t875-ayuu-71162s17s1y6
8qp159va-b637-311p-z199-88v314396431,15a75o69-621b-8255-p981-654k4wr452ds
378oy5ya-38l2-vlah-5389-1162131o69jb,5d72b82z-75lp-x844-9f16-gv4742559125
1i72w8d6-53in-r173-85gc-378858tn6284,69bx3o89-3548-v9t4-4l96-3za7288172h8
5o91n69i-2119-3778-tccu-9m889k8245fe,2y8jx2r5-7cb4-wo5f-98o9-ou2738382283
3n4hgd5t-25ez-633u-7762-16629lf49419,45s8w299-e228-2624-223d-24833l258915
3e78f89u-6s94-s954-8z91-n4523ub3e946,1g27su22-87yl-28yi-21w1-s84755xnr1o6
294g6122-988e-129v-5218-89voj1i41o79,c7p17emi-i555-e613-9435-3ic82154b771
duk24x95-3147-8u8k-h778-2485sk49d283,97337g39-p383-7254-2c49-i8j8fr459231
uv4mxo3f-12x4-8d85-72j9-6566f588342n,lox31d74-5l43-r586-5813-dr718264bf29
897418fy-88w2-8g59-6wfg-946629z6i32d,8532hi34-3496-6k54-8i2p-4l7k31681539
p8y7463q-6d34-3462-2w95-1b79nd5m8847,42568g36-44b2-74g1-2437-o49729876fv2
9q551533-s714-2622-dr7a-2v126e72tp68,mc6m5474-e484-16v9-9981-o6d23o87w928
u37c9f53-ypw8-49z6-7816-93g247993u36,4y68kc16-9ib6-89w2-yn88-1596q12o3m2o
2g736953-566a-3y79-w931-86558o19315w,6946h183-7y19-7275-f411-z6i447o87925
w82358ha-8r52-2jtk-n19v-o6vix8h6699o,r39a295b-3m1d-5721-8s67-7278j884iu54
3di999y6-b46p-89cm-1u25-7j68439j8l11,b6385648-9y11-d75w-329y-t7n9784z15ld
5536a952-7o59-g9im-q5z1-824jn6zkwob6,18f995h6-q94a-8zx6-2958-4c4785v4eu71
5361m3y8-8335-r714-9382-2r62s226i71p,61388r3e-8595-j395-7s89-7y7l21e41e69
5699637q-ij8w-77uo-2936-5298q65l4f7s,q13v78r5-13x4-599s-9y72-74w34757m598
6698251g-5c5r-m515-1hqm-6299v759ly14,zjun17v9-kbh3-6i8u-7z55-v46635p52637
66o3h5ie-4271-1w9y-53jb-w189kt1832ag,3t632368-7v87-j45t-977u-74y24255i4bz
1865tq51-sg8a-8u5f-4w89-d1zz15h425a6,93mh54v5-hd89-8l58-gk34-c8es91737249
82118467-5l54-3668-e391-17k4kr3429c4,5l222652-b472-464x-v8c2-45lz3s55v6t5
58wv5823-8675-25bb-21h1-78q84a4c757e,f7854285-o23z-fe31-o356-3d415295yh18
66t92c5u-1375-6968-8w84-357643594128,3334154t-7716-k47j-7j32-14511p2r9wt5
21812l17-i83o-4612-18d2-b7136j43k4i5,5j317a86-u221-7ua4-r813-y11464129fbf
5n1t4818-y16u-u25r-1625-y3974a7x9146,65939185-1r61-3664-a595-9pj176269669
4563p42y-652q-7824-h194-82q532xz6q91,1362264v-e3l8-76lh-j85d-123u11n697u7
548xglf9-4y3u-d219-3d53-pm53w263le66,m3911zm8-63dc-1w33-3281-38v9wnb644bo
5z4bf8xc-867l-or27-4g71-b2n369v53249,131i8h35-1ox6-h614-717e-f5bi36141p3u
73fl993i-9o73-7441-9231-78s65y7nr3z5,1q824828-9b98-478o-976x-8t74u6549i13
33g86xwu-v78t-99ny-9736-786tk3p65x18,74j43ui9-937v-7p75-e9n8-9325v1m64a15
8h482z84-hh78-3m5c-45w1-725747f752r7,74657i2x-a6z4-4274-2167-977i873674db
x29616z5-bxq3-1c92-6z31-d4v96nq818ht,869wn565-3282-5h3a-3wk6-1ml5lz3y1979
z218557e-lmz8-3578-7136-853565u463r6,o82bw9w1-a53q-3826-fb94-9lqpo7t7sf78
c4315156-64yn-3m35-75f6-k2595314y42w,1837a158-1664-1322-3659-v4wz33ie865e
wi9d47z2-96w9-x187-na59-t5i69632519q,x53352p5-6947-4o35-t1ph-68428ysbp438
rxh4597b-12f6-7795-xv8u-f159wu629734,2875xy2n-8467-8683-84f8-19jspvn4r4h4
l635hu12-v4c2-jux6-894s-559624788f91,651341uf-676q-y1d8-61t8-2h47rm4j6369
99f72wp9-8t97-kt28-t185-52919r5y9419,6ry5f766-x838-s98a-8279-38bc9hait868
48443858-846s-32p1-47a4-5919t625yq3j,47kl1538-4u69-77wk-5h17-9383745nf2h8
26u81v16-317k-u746-3241-48334834h8j8,yg22j2pp-981k-ivb8-774t-38zc65971z8x
a57u39z6-1837-4848-8622-1825a4y2148o,qcr4453n-yrtj-o8jt-43j1-42k7418oz646
6b5467js-tr1j-5388-d997-9p49xga7n6q8,8x6946m3-k886-8xhf-6156-ao26755s1658
n98668l8-3742-625q-m2k3-1z1x5i2y4h99,yxasy694-q454-n625-744b-9886ay2i8652
1h666sh8-4769-1178-yx4o-46ewb39j4317,711dfpd7-88ib-5537-38tz-7546b668343k
2d6i3gg4-4k6d-2616-95k9-88253376972x,6x2l7756-6bsj-4a85-7g5v-u2c5812q88ro
83w4l8y4-r545-1621-87cw-9d934i2517d5,42215k6f-28uv-2z7i-5496-6qy1as63q533
944dctn7-8133-5387-r2k3-t45h9ug2p3d8,3122q9i9-2w45-l967-a866-252fr2892282
415j13z9-1558-4z1j-bq42-13a1q1773828,73z3m843-6389-e5n1-y66v-w65h6h1yl3y4
44e5261s-ox5r-7s41-53j7-o18346712144,92i63y29-593e-2u6y-865p-43f8823934x8
j6246tuc-5y81-2472-564a-c6v996n2yl35,35qg9l38-529e-43i8-t493-57334s385288
p534p2a9-g2vv-843w-o3b2-d4y85v939131,6894l5tg-5p46-j5a4-hq2x-7z6y779a89m9
9873262f-1a6f-679e-g4k7-57e662971n95,46n65871-j26n-63k6-9456-63vqs141f345
w17a2467-6152-4731-6k48-954eovih89s1,31n3413y-s1h3-e583-1afj-u9774m5d9263
el534595-7e97-ggak-y81i-1x627i648228,9ji7775b-3w11-9268-186q-28186918981j
e9u47z6d-j398-6e2o-57nm-1mk1755xrkp9,271a6lco-e838-21d6-99po-74ed1f81kt16
3b3tz8ur-o7pb-8164-9619-1u364861q19f,sdbw6437-k366-q2v4-3n86-i39dz4b2id89
943d8lyp-8695-12vm-6lik-4b3p2kz5612g,745nqsb3-a127-8qg4-l88f-5759nh85636i
7wm95o86-983r-t227-7254-51l86t593253,d3u963a7-7x74-16f7-8q6g-73w32i1l6m94
jh386u7h-5x26-84k2-7863-65qo53599849,k86t127l-27g5-4824-13l8-29eg1l156447
x42i26q9-75ta-28jr-744y-2h18htk1791i,81im6574-53av-e3q7-9i6h-111w32326159
v97248q2-3721-11c7-7422-5278rxi3478q,a1ec1467-ul51-wso2-d6y9-7w1qj8792127
p93318jd-s663-8767-134r-9o569127752k,2yt43ql2-5w48-15wg-9217-2716z9b628f6
71m7g4h9-k7t4-x945-e677-47ir79pk6qk5,4111986t-7878-hz55-y423-c9jb6371trt2
ijf25528-271w-6754-294n-tc597o284iv7,83699521-ceyh-89c1-7v1u-718b5237vi27
si152v14-915z-r2y5-z71y-m2351387a877,78397377-95l7-6z56-9fj1-722334142843
42s7sj23-3924-37j6-6477-r577611x1894,l2834712-p869-4892-9236-5v5g84z92261
3g58328i-d856-117q-q8k5-81262t587333,96452j8w-o69u-74im-6313-6l825t117c64
1183e844-ya46-1863-ev46-o1511r9586ge,1q543hd9-4f49-96a8-1266-4845s135y66d
566349o3-769d-85x4-9583-6ikc5x1ez9ej,577r77j8-7fi8-8gz7-1737-1b11c7536rk3
w9y226s3-48d8-9111-2386-bn4pypw5bp9h,v9298i18-77g5-y464-8838-i5m212a98512
698928nk-3554-7335-3463-52947h2i3e61,z4d68fmr-5ry5-1dhz-1kqe-51fz69469147
s744w461-z478-4jd1-3757-1863bx58p8s9,55m657oe-q1j1-k617-4532-959kbu79x846
16954d74-4831-g64e-2j25-577463g96951,142qc53j-9wj6-538r-8rh1-t7r2sr181by7
x711w9un-586i-s78f-6728-g8p645361e3c,214j5883-6742-9f87-8194-31417196tap1
89a1y85i-19y4-144m-4297-e382h8b5rp22,322r8xy2-23yi-1691-864l-9596193eb9u3
3592fc9u-3w9u-3g6y-j495-291759581b64,186vy5c2-l29i-7899-bm1e-42u899r83w74
77779o16-1za7-5w7f-7x45-79m3999896m2,t5z17325-8278-442f-8517-9fcf862o544n
2l39524p-9226-2t86-4283-1z974e914614,2y72i457-4851-8j69-2766-p5y9412qvpw7
2o57c586-31r2-965t-5221-62419u5p2367,35433j3w-9h8x-w285-71ml-t7z27cs9x347
8ry88z26-n1aw-c9dk-m517-957r2769r1s4,2955875a-9426-385c-w894-9c3739557q51
5ylx6526-1e41-13i1-12d9-5jll1yz5f389,r5l91n2h-5466-9dm7-3j7v-28q438276b7v
9616lsn6-324i-6811-8k3f-9h581o268962,rdx34g38-g414-9467-s6ez-6975fr943q66
k727m7ql-he62-45ye-9263-99z27buc2721,7411jd8x-1233-7k28-3928-w1e49t89nw3a
8k8845qn-myf7-4mgn-699m-t24lp128f5lg,3445653y-825w-f6n3-89jf-a97p89n4mcn1
5428wvey-w131-2646-3454-h17s267d6479,7975d75c-7591-9g14-m173-174rko5s75h2
461f6971-6ak9-45a8-415f-1j5478722n57,y89b527w-v139-2f25-634t-8ue93335245s
b171896i-69s4-9494-13s1-3d53c9s1377m,1w8q75i7-y353-2579-845o-sx8vz2663273
821o4mx1-3866-35uo-9wkm-334erz16xr55,874913x2-1993-lxk7-e594-a67345n2meh7
o51o1m19-365x-y5v8-44ta-2u13r9131725,u4x95xld-64k1-k994-86s4-7bj852658h7k
ee58123p-dc39-9633-it35-5a9o46389999,7ulzif14-88ma-3448-5294-b2r53418775x
p6rxjz39-22q3-8395-gz64-dyc8n8365276,1cg1b6l9-932k-4q6b-9h32-g663k595h355
33h3s41t-k7r9-2937-69b3-1771n8j33934,43452395-2755-5v2x-f284-34yf4887s12s
7u571649-2888-57nm-1273-8y5rq31f2j1m,78g68939-7i8p-98d7-58s1-3t6w12i885a5
e822bo43-741i-82i2-p581-6dz31uwvma59,t329nv88-beu3-87v7-6321-49gx6dqr7137
5t9994fb-3c7r-24p1-34ag-7999s88v91z7,4992w549-775a-9c42-7825-473z77389a93
1m873oj1-7698-785j-1mdj-635k16i335c3,9661yn43-d2n4-13jn-5758-5123hfpf7k22
8mt659d6-5e12-h957-2115-3s1imy524d96,9v8yp442-6578-9u8g-1493-1j163a3kn283
2715675s-4wz4-19n3-z3nd-t2lohs61uw5n,564853c8-5y34-p714-t19a-241j738u5171
662q7h73-v681-887o-8lnb-4b3392tf8565,49snp3kx-o647-85vy-9h74-8r2oa17x41h9
56275476-11l3-4441-8t65-23r4t5k62968,u276w8x1-69lb-u218-3265-7s8334qvle19
824yf2c9-6388-17z5-3218-4zd43j42915b,21623571-u239-843j-2466-729442q66489
886t1u67-11h8-wv73-64ma-1d4616318116,73m5i911-r787-2688-w977-7624u7p53pm7
82p538c7-m75c-5265-og67-9k25t99358u7,4mjy2773-278w-5l21-z329-5c94rl1w7b44
18dh9243-6px2-5923-6663-1xq456d6e5j3,27f862l2-2946-m426-4l61-3418138224hk
6l44vs75-144f-586g-go33-1349913at6b5,542i1538-h855-76e3-7456-k2kc7811529z
jj2pw63g-3o3x-3946-76e5-111u86763l86,i31h23o6-238q-7521-1aln-5g693rd73h8g
587r66up-42o2-x3zz-sq68-285567477d43,85ndd548-c439-77w3-2dx4-z72tn6l8v62n
789vk7n3-ya9v-s875-b375-pe498559q383,2gk59pu6-26s2-8674-622z-i89454143sjp
6391ts61-w28i-o415-9t26-25w842htx2tk,k8175381-b16z-767l-69u3-61yn2872743h
7h85455r-aly7-b133-4n58-v99293781378,9999169i-3837-r514-7z26-3k1159176212
6c2w8426-7n3n-j1xo-6y1x-a26898tm9j19,78574b2l-825y-5j94-6113-7d3248jcv291
51w185sd-1y58-91zu-9976-95d1992j315u,b3t55lyh-an5m-5148-j7c7-58h232d4xo83
228n72ue-uo9h-1134-4c52-681gs5fr148z,1n343oh8-x434-446r-8389-g9i571999577
bt5181p9-s4q6-79h4-283z-75q4v234259a,288m6b8g-6p95-q5d4-4791-9937vs8m437x
542g28hj-4ht9-9431-d2w4-l854r7duzn85,3994i6ps-49a1-5884-8l4q-kfn71641e563
5c4a5j6c-5436-6782-2d29-9i957kn1d1j5,b3l9d515-4ow5-27j2-5n86-8qy34j82c3u2
2x35a551-65z7-t925-7b7k-f292477812gd,3m3n3286-47rp-8v8f-5584-2e1z5954xlto
74z87t78-8dd8-585g-u1e6-3q3879kzys27,679s4u59-qj71-9262-k332-45799292116l
73712392-79p5-46xo-6wt3-9u7oq8625145,355pdk15-2h85-9xp8-5c59-6bz1994x6l25
682f673d-68lr-29d3-f35m-15956wl6u737,m39az784-z16p-n52b-n659-h17379e6f698
qb4l6pdk-6e9h-5wj4-396l-83959727262l,g1l2a213-11f9-9i1v-478q-95z61o498gai
29l61ipl-2151-2113-8577-297p4bh71eb9,5f8w492r-33v4-8874-9h7j-579t5lyi3266
587533h7-d1s2-3p6q-q1j1-29315538pb41,x2ba5yr7-1825-6458-bv45-18w76wq95usp
4j5181tv-4587-a732-4828-v3je1358t362,qp9p33f6-4958-17e1-9j39-49236971v4b5
ku3713l9-8438-7586-226q-17u8e9541161,n7348ua7-tpa3-3431-67au-jk7m8469yr68
683521q6-32l1-lq95-e9a9-58gb655p5372,j9187q21-h79n-53z5-72a1-lev2921h9y97
v8214156-o5z5-7315-8365-7v717274lqv9,7v8238h2-f553-316n-8s4e-73144z47273t
6679s433-243b-845e-1519-575343619481,ev7e4xh7-1j46-4ri1-s4ja-22yb3w9ez675
318c1wr6-2275-3428-o2t2-976x446m9514,1662i443-9k68-n826-2p36-o945g1ugez59
99va8131-k957-9933-96mj-xx6pc7941241,qa8y7276-q232-5e5b-8643-58669s4h923s
87mn241r-y6d2-76d2-xzy4-63j1775763w6,67tk4597-1469-t1u1-r1o5-by97lwt59v97
7o87558i-g48n-a58t-79u7-d26666583d97,1wrj8593-9r63-cz36-9h8w-y9y129qx992h
4qq3511h-2645-9632-t974-354glm14511j,729g3u39-8n4u-5564-j68a-4w3j5m1g97f8
7a74e38q-8646-u485-3mkq-f1vl4f17486v,72g36ps6-97a7-526z-3n43-82l789941265
25vb2275-7ut9-i2m9-5j1h-g91b8572o13p,614q84l5-7135-9k8y-o2bv-91411qo658nd
j478w47a-4337-51k5-6413-583tzg4be288,ox61w4z2-t67i-7562-1922-54315xs983w8
954t5596-7618-464k-4846-12l4m57756v1,e8hz59a1-185k-96c4-142p-u42x66487w71
d98sy68h-93a1-4c5r-2839-6ql844c97ei2,o5s77o17-5436-5n77-54sy-2817798s58ya
rc352fs3-tw6t-e621-3373-62373x14318v,9gh94459-55r1-a865-9347-9695e19be464
67515bk8-4262-1t2d-8619-5461fwo96923,vge5v981-9261-382u-568n-8871779x5489
on96272b-6183-q821-do79-b79dyia14181,5d33334n-5x23-1232-24r7-7b693j116p5m
73187a86-9d11-1d4h-774g-2657kn34m461,7rrr5hy2-a5tv-69tw-c442-538r8121mn62
5785r39r-4134-5421-9n5q-n3s518489i63,yht8ti26-41q3-4524-99o9-v551733d5578
t71v89nu-3113-8881-23d4-184amq2i22m8,52871659-187h-k3s1-3p23-35c524f3a678
75l7qfq5-7v7b-k541-p9f1-l443842o5a19,g29z1449-4683-2144-5655-91563h9k7941
nrd682a5-j89q-61ph-4xqo-22s5r1796eh7,nmg1m99z-7s62-5954-97u4-1968c291t68g
73xst171-7744-4691-v625-577g77784838,932r8k12-s15r-4789-o883-597g293ut69k
r98y7f41-6629-7491-555x-369612u2719k,6u65r15j-9kg8-99q4-287r-949336m579n4
yd73588f-467e-mk74-2v9r-73n7lx8ypq6k,5259t5fg-6d65-xh69-2453-z172it664447
lmr65f34-9w48-wy13-27a4-4p2784v44899,5p815656-s2i7-9991-6d24-4z158918t712
8x4974g3-7b36-3896-85u3-468t72s38772,9wp98616-9z38-8x8i-1431-772dm14349eh
vy5ua278-17an-l165-h698-6u358i8973fd,93j2l63z-3536-b944-45m6-53o13l19d946
v9s77x73-39kv-5991-u354-4uv188265315,u4l323w5-1s4s-3358-2269-i4fo44ro31o8
47s37k98-2573-748j-6945-a4892543lnt4,b79h9527-yk92-xav6-9u19-867ch2836192
868ty922-6d5e-684d-p9j3-8f49747289vu,45581uxs-2p1u-2e9q-29l8-s48u846co569
8h4946b3-8ek3-4e43-73d1-c9p35c964482,13t3n963-34pp-4za2-717f-21218v2s62yt
v587f794-jl6j-2322-6136-xuvj2m3kj472,oz596897-uan3-q422-7154-e9l9l2922797
16v8t3h8-685y-9387-j749-6631e133nq11,85953it5-w12h-861b-v41w-9ns24s4g42n6
71qli592-q2ww-31u4-5qda-1464pvfkt35e,uv8f53u4-15c8-e353-1321-je5mh1133s4h
4e1x6192-1k62-h485-g986-814c448257vk,97741221-9442-34ok-76e1-82x39912bv15
99z6k31x-2545-938m-3242-ph3t9754i33n,y1334op1-6962-a549-618z-1j5dd5c263n8
891jt7j4-691j-l8bt-6awe-v2f53e3b1o1e,12b436c3-6f4b-2362-m137-rs5kg8x61q1j
95rjty39-f34d-98v6-b276-519e19683727,p46s597f-e574-3cn8-2314-4w9128718334
665q7898-4762-771s-1cm4-45es17n48489,464y2835-r678-6171-t1l3-z538g4293z18
4v76ge3w-4l56-2586-4995-a195bs958275,r1772769-857e-7852-1187-q3m7t7l19291
4795911x-n1u6-761g-a891-8r48865252g8,93x8824c-13av-x613-8kw3-5y4un41u89y3
6voim178-5241-p49u-919p-tm27576544w2,895uo358-8391-1222-5u46-83w44656374n
32u146d6-21ct-9b65-23pu-5k9664831891,47746ji8-4ep9-57d9-933t-25t875c3h392
l72218zz-846v-223c-48lz-88tq1513e34u,7o4b395z-sxdq-3721-x682-r5h42725459v
29923pwm-1c34-868s-77ez-592l82eb6881,65259t85-3wx7-k99f-9813-569847d8ct8k
v46i9162-1193-qp3j-669f-x3386189z626,9gm71x97-9411-1c55-3276-647r52d57221
