r9dg9n11-x5nv-22u1-v6iy-3i762as883h3,55
9x25z78w-41q4-4624-n683-1951o396o7y2,50
47247129-6694-4893-5234-z6961o7i822k,59
c53d975a-3b79-8982-b9x6-8h63m1f36867,97
7r4x49h8-2g8y-4g24-y87g-563z31y42268,72
43259y81-c44e-kb8b-c2d4-548913624941,83
7651ilm9-rl79-z2b7-jkpy-98j76524bs8a,54
39463n95-m19c-e97x-9w64-29r969133wky,65
8w7t2812-46v3-5q39-623n-le2z7y3f96r9,76
3w263262-5v41-b53c-bf57-39z3912e1q33,89
b5863443-y27q-3351-1372-78419489645o,50
w3w76q38-7d6m-3762-u768-3752hx684146,71
n21558j6-2719-lmv2-ak12-75191b6849f7,84
8kt43364-obd6-b391-5424-a73454114555,97
a9246l34-7b67-d537-94ix-w399b55lrhqt,51
411229w7-54g6-me36-6v71-m534155f4845,78
bd18f474-57w9-319i-625e-48e745215xm3,67
zi424gd9-7v35-t2yq-244u-8432vr16b414,75
1l5c2171-6mi5-5js4-2z89-8473jpnvurh6,66
54449t3m-gu97-uwb9-4s93-jisz49425276,87
4e34fs23-1l54-jf35-z11x-578w7676175r,87
7m55n771-78y9-7173-6sts-25126353u2f7,55
h638738n-c864-944k-u532-649514l92738,83
18586181-21l6-44z7-4425-9hdk74137475,96
g6x26kfz-8yw6-2789-h1kn-wku58jga2p49,58
deon19l4-5dk3-7356-228d-642f4y8cc51x,77
s7l26992-9731-97zu-7281-p255yxe354mf,89
3kk94281-4gyc-oi14-3868-839499924146,88
c6596xqf-h956-p34s-242b-3594u5483i34,56
646sl5q9-q11l-8d61-484d-pi4b21n173fd,64
9at41424-5777-713x-1944-8f9d742it7d9,69
993x669h-17xn-9774-a2w8-c1211a683374,98
25881463-ep52-1k82-e882-r189un158i48,97
39c49382-vfh3-9295-6j99-12384f57v329,79
4k578cwe-3678-7t2t-2369-6854159r72ig,96
16588888-6467-33o5-62b3-998y96b1792e,95
1uvt2644-124f-3g65-r243-w2988a5db411,92
56267q28-65o8-7178-yrxw-sz3e753e8y4o,90
p188swkq-7t92-6m38-7485-f255325dv177,89
21428u75-8464-q31w-7r49-ff99a9ie6w3s,51
ww4z8xwf-am81-s636-3656-16i24rkv8397,84
43848498-a839-9277-3215-9751c6y82538,66
rq3s4176-4815-d217-u86s-6t7r2o8rm291,89
44w817w3-e7t2-dq63-2s76-12896mh54v6w,83
33617xq9-qli1-a4c4-2h31-9v7592248mk4,93
82p914v4-1129-8173-7394-8713ls3zd317,73
3mu92593-3f6h-u898-7336-269181i52755,60
1j22v7te-49sp-84e7-39c2-2n1592m3u248,75
215m22ky-k1qy-9482-8452-v9xir2d11195,62
2xuj62jg-842j-1546-4xot-x344873165yw,71
u6b87p3k-74av-2824-4h2l-m4y6b1p759f8,96
356y78s2-k4j5-64wr-e7vx-v11287g2g878,57
e1244n99-13v2-e947-29n2-o8643t298421,86
66o58n3p-9523-844b-5xwk-xd51ce429852,96
x3737381-81x3-e471-73j5-i33826ep6271,99
83m92376-7ae2-u53w-235o-g74q5ck42269,79
83578cva-n248-c93u-v581-5b2353566w68,95
257u65d7-54t3-989t-u222-282kt2p1557i,63
t5828l33-t25r-9m4t-3324-7a65z11334nm,90
9b565x73-3493-86td-6437-h4984u965816,96
594ioi58-3955-2llg-6s18-9651jl879142,75
l8l47665-5w3z-8521-7n16-8z6537533u2s,64
56x55s3i-vm58-8de5-9919-c56562751349,94
4g148918-l969-8y67-5q81-q2997a41x645,80
d5dr67mw-7123-acj5-xzx9-41n931cqbb7j,73
2hr56a48-5328-8979-1253-73w19975vm14,72
173869m6-3797-5621-4936-b511lb4v6745,67
9fz176p3-6v4n-4511-13y7-v21a9931p5n2,83
4gw39168-1xp8-58q5-81j7-857c9o9hh161,89
4974vmwf-5249-8t75-gaf8-45q3ec748374,89
c4l3eg75-31o3-bsk2-4x36-485i565q1m8d,99
3peaawc6-3629-9t77-651l-567789248657,58
jb6g5j6l-uv1l-yh17-787d-7sq9975s5fkl,78
ft8aw69p-45uz-t191-be9q-95371623238f,96
795m6967-m966-2242-5763-798e6f22r631,84
4646571s-5394-z3vm-96z2-69226752zy31,86
xc621u74-s669-8c3h-n79x-elbe89121336,84
v7d6352e-h4ll-x72z-1878-6a8b7u3gr3y4,81
822q92q2-6766-63xy-281x-9296549dn422,68
18lo8196-r242-c23q-7f61-225466797242,54
g164ke1d-126w-32m4-l255-12925614q294,68
51r97284-2f37-76h1-85b8-3788f1i7z321,68
1ry52pdr-n729-vh57-5778-4u8124453k22,63
56741eyx-7734-5588-86f4-t27jb37qm2k8,64
272u87l7-l933-i184-2144-dv38981675k1,95
84f6t65t-3br8-61o6-484l-r7565m19vtp9,80
96k85691-3618-y631-l8ao-384g3l563c87,71
9k881t8s-53i4-86m1-8218-117q313kv185,90
1y2235gm-k395-6od2-al95-i5xs6vor32jd,75
15236m27-8856-f7k2-4m4t-l14i9f15994e,54
92834544-w53f-7u14-8819-i773385248zs,69
i462331r-6895-3n62-q586-3u113rr74399,66
g7344441-ti49-6gy7-9251-49ds5ddh8832,68
73wy3445-d41p-h91m-51d4-g829r4171ip4,89
743uq925-323m-n872-z2b1-58e71a437847,74
1898g59i-9966-m52s-g361-u311vl276338,63
58u58y19-9514-m48c-3663-555g14243976,74
8ro29u72-r2lg-a255-4332-96jh4sy2i689,86
am9234s5-g325-4448-t114-2976u76z91iv,78
g2i71856-179n-4bl1-3v21-7sk8378899d8,51
24n3m258-46vp-f367-9867-97ic1g6j85y6,98
4144496s-19gs-e6h7-96n7-y78j1w736515,90
2c557734-598z-6u89-9q8w-j57b772b6c8y,82
2b2c62f6-oy46-k3u9-981k-w36l42991243,60
177137a2-dd3g-1exf-nf4q-6591y8u85m8e,89
fydw65bg-2949-8727-8491-b1c3y5b89h8g,53
2624862l-g326-7mk2-m9c3-5f398hn5797p,74
5t2g8abp-3el2-863e-1x49-q86g119kl14w,62
17412312-c68z-393l-8422-4l599xi8924x,84
63cv4a22-i4k6-2158-1yo8-954bu1fq2976,72
e5445x71-31w8-s241-venu-28b2ee396416,82
6g571i69-54b7-x9a4-94tx-gz2offf167j8,74
91w84t61-i686-2p54-2693-7517lc54289o,59
l66364n9-9821-6d4n-82ye-h7t78z329579,66
55142f4c-am16-41k5-9yy5-13ah776q6219,68
1o11746u-5qj8-42g3-5xg8-5z91n8797cdg,74
742e424o-4648-4p85-77o2-698y7u23edi1,97
e5gb12bq-183h-4291-ct2q-828159n3c622,56
9w2629hr-3415-l139-p37d-4uf35pv56i95,82
aizg21n5-525l-7996-2716-j5134981534u,50
9l91r4g1-4946-9319-9k24-u4q128w529ul,85
ds7x815w-f346-l8d9-9125-61k4776453w6,53
ce6j3248-6r93-9947-3b78-179r748w53n9,95
216542a4-7y91-91y8-5936-985lca562es3,99
3s172sg1-5763-s864-7327-869qb783972k,60
76516868-4in1-2245-9111-25h47tu4tc27,76
398411v4-553i-4327-83uo-142794d93292,88
k9435199-78o3-58l4-8mj6-6cob9xk617s8,77
4591f173-ns32-495p-2r21-62175351j598,86
n1szl5l6-64mb-twp5-6375-n6cr5u58r583,55
b84f5995-7592-6x9f-xa81-j144o6837666,95
cn28n281-394x-9772-2396-5386496k716i,86
6m1961yb-yc24-z482-413e-498fp1ua9le3,86
7k3tz792-x597-1757-8937-424f4kv94765,53
5697im54-9x27-v779-3i74-ck3528157x6k,99
9t379614-2u35-431g-l7g4-h9vi7pj364nf,53
7z616383-p5m3-4c46-7311-ds7546m87x93,82
34896w4o-24f9-9z7b-39bp-69289zf861e7,99
17595c96-65k6-tvw9-mudb-48gr8x933e17,57
12838af9-z419-98bv-x7x5-475234jr185f,51
x8564s76-11v5-4433-9z5c-61f4o99m7261,56
k917k25n-661w-8vn4-14b6-il944631k8u1,57
599773r1-27oi-8x1u-s51k-ag77739k2txw,64
o229x66s-862x-74e9-3693-259xg7pn1652,62
796h71rf-33t9-87c1-7kl4-4311917b9p9z,98
277289e9-31p3-74nb-98x3-m99dc8q17k34,85
m936pc19-e5hi-p5rt-4g96-2755898ujk17,98
55632l1e-11v5-4a17-e335-9237afv67dvg,78
978l2r81-9771-23n7-85r7-11592319a435,73
49362g35-5d46-35v2-s778-76n4f748v595,75
5a92x253-4r62-1384-2nkc-9kdz51312729,78
38592866-14u4-8629-119t-394h7549561g,75
211g42z1-q852-euwh-4j92-1m79392164n8,97
17r7r6c6-h874-6971-35z9-523545971353,74
8r62819t-p76a-l143-c48v-6g981631579r,98
88w6794p-c88m-1293-d9uc-9878fxfp3d1t,56
11h96a82-e3i2-r3ok-2357-v5lbkx13618b,94
67356827-3813-nen5-1155-2f3w9si6115z,95
63175143-5634-542s-3d84-212254993276,58
z21b7618-9677-7765-w3g6-x9431z29c37k,82
22y315lj-9893-3wx3-5ir4-o289sn18e918,74
j3344671-4419-9659-yxic-39r128197521,53
2s7bj84i-d18h-ex75-awz8-428y73o85jci,78
a3brzd92-85k3-8y46-5u76-618zma65ny69,78
314q855b-86i7-75y8-cfw8-qr81972rzv89,85
o9158821-7z39-ai16-3211-xl6438l148z6,92
56j867sy-3m31-8563-n429-3n618uip1645,50
172226k9-6637-ud2c-4j97-js2745q3r9zg,50
6z1r1632-65k8-857u-t741-196ss4v9l88s,89
1nc6537t-4n47-nc28-2g11-57632zp5788h,89
6g3623g9-1275-54m4-x517-4723m3xr979a,67
6s868q96-rw27-9w33-9w84-59174e898312,85
767k7746-2963-71g2-55g3-735953o657vf,58
6e6nz351-b837-2582-79sw-75498vo615yx,61
321g39n6-9rj7-p8mk-1rp1-tw9594a2z179,81
657q282v-3m6z-11k8-2lg2-43y91gw16a97,69
653982y1-26be-9r8c-672q-28d35ba4g5m9,56
4fjo47g6-8u88-94uq-6tb2-21157x431114,75
248uh832-4277-15lc-998a-znj4gf8z9542,67
2a96c272-48h9-3714-sadr-o33v67989f53,56
37943a67-38a2-5428-6s9a-v53911645k73,50
749d89v6-9m53-2629-j2h6-12a587ik5g73,60
4i794z96-q161-399h-6643-i95132651623,87
8sm28if2-ddj2-7947-69f7-o58632f3c175,59
8qx645o5-ymr3-53w7-5727-o3p3zc5384q2,84
229b6c2q-sqgg-5127-s88y-2h2366n58n8s,93
9e59h515-9g42-64a6-9387-d9672311ki76,74
97714771-684u-68uv-1686-446e47457279,94
o7146auj-vw38-49ay-tdqm-445295m3115d,63
7q8n82g4-h946-t851-8912-4s545t2945ju,56
ht443lhr-hmp3-45pa-8tgt-48f9r8n2358j,93
9g3618sf-v85g-53e3-2z56-9htz2h34nzh9,69
sllw8t25-oobv-5727-q4by-673fyc535mj2,53
91z69464-9792-o68b-8556-729889593778,65
63975754-go55-75e6-223f-9771i273382b,96
e194n5p7-z226-86w2-iwy4-48456125p512,58
e795r275-13d9-117c-27mu-4476pr21q537,91
3673238r-4364-6k95-4c5n-7rg73561g859,90
74371hi3-e9n8-22v4-y726-5672qqltl617,84
183t8948-15pq-olg5-39i7-twj6h887i62c,63
282o5429-2u5t-1557-ye32-f4j68j9e8168,68
68tfb244-317p-6a23-3168-942rh6j3j4w2,72
47941143-824k-7s11-l1c4-395o98355po3,90
2172w778-24g3-2b16-5i9w-1668378un233,62
62652374-1857-w461-o48a-4731y9l9r1c9,80
z6e673u8-psx1-549b-4831-571z4u97r2y8,74
297666jm-5j47-6k75-597j-8qb3952824w1,52
mu6v5591-4kw5-eh19-2569-48r54z84287y,84
45p57424-8ts6-7pff-y314-m494412j715q,51
648g9953-47i4-1835-5171-b7214sk682o3,88
352f8961-w376-8136-4937-1satn8c57113,73
76u118gh-234m-p959-3b88-8sa8189r8u64,85
69815582-5174-bgm7-3ps7-x3e6922j2f98,60
379d2by1-ns13-el71-5l1o-q311s6i416j1,55
f3192k61-58i2-7715-sltk-2668a59mm244,78
9x9q3h4h-4733-3462-3u16-8729f1o17gmf,84
124k1853-5673-e737-385k-57j7658q7pd6,62
352kn939-g711-d481-t26r-i63a88kwn4wk,87
57av284h-519c-t875-ayuu-71162s17s1y6,81
15a75o69-621b-8255-p981-654k4wr452ds,70
5d72b82z-75lp-x844-9f16-gv4742559125,82
69bx3o89-3548-v9t4-4l96-3za7288172h8,91
2y8jx2r5-7cb4-wo5f-98o9-ou2738382283,82
45s8w299-e228-2624-223d-24833l258915,56
1g27su22-87yl-28yi-21w1-s84755xnr1o6,75
c7p17emi-i555-e613-9435-3ic82154b771,88
97337g39-p383-7254-2c49-i8j8fr459231,94
lox31d74-5l43-r586-5813-dr718264bf29,55
8532hi34-3496-6k54-8i2p-4l7k31681539,74
42568g36-44b2-74g1-2437-o49729876fv2,56
mc6m5474-e484-16v9-9981-o6d23o87w928,53
4y68kc16-9ib6-89w2-yn88-1596q12o3m2o,57
6946h183-7y19-7275-f411-z6i447o87925,59
r39a295b-3m1d-5721-8s67-7278j884iu54,92
b6385648-9y11-d75w-329y-t7n9784z15ld,69
18f995h6-q94a-8zx6-2958-4c4785v4eu71,83
61388r3e-8595-j395-7s89-7y7l21e41e69,92
q13v78r5-13x4-599s-9y72-74w34757m598,82
zjun17v9-kbh3-6i8u-7z55-v46635p52637,51
3t632368-7v87-j45t-977u-74y24255i4bz,61
93mh54v5-hd89-8l58-gk34-c8es91737249,93
5l222652-b472-464x-v8c2-45lz3s55v6t5,67
f7854285-o23z-fe31-o356-3d415295yh18,91
3334154t-7716-k47j-7j32-14511p2r9wt5,87
5j317a86-u221-7ua4-r813-y11464129fbf,95
65939185-1r61-3664-a595-9pj176269669,90
1362264v-e3l8-76lh-j85d-123u11n697u7,84
m3911zm8-63dc-1w33-3281-38v9wnb644bo,93
131i8h35-1ox6-h614-717e-f5bi36141p3u,56
1q824828-9b98-478o-976x-8t74u6549i13,71
74j43ui9-937v-7p75-e9n8-9325v1m64a15,98
74657i2x-a6z4-4274-2167-977i873674db,63
869wn565-3282-5h3a-3wk6-1ml5lz3y1979,63
o82bw9w1-a53q-3826-fb94-9lqpo7t7sf78,87
1837a158-1664-1322-3659-v4wz33ie865e,70
x53352p5-6947-4o35-t1ph-68428ysbp438,96
2875xy2n-8467-8683-84f8-19jspvn4r4h4,88
651341uf-676q-y1d8-61t8-2h47rm4j6369,91
6ry5f766-x838-s98a-8279-38bc9hait868,71
47kl1538-4u69-77wk-5h17-9383745nf2h8,64
yg22j2pp-981k-ivb8-774t-38zc65971z8x,92
qcr4453n-yrtj-o8jt-43j1-42k7418oz646,74
8x6946m3-k886-8xhf-6156-ao26755s1658,71
yxasy694-q454-n625-744b-9886ay2i8652,85
711dfpd7-88ib-5537-38tz-7546b668343k,98
6x2l7756-6bsj-4a85-7g5v-u2c5812q88ro,73
42215k6f-28uv-2z7i-5496-6qy1as63q533,53
3122q9i9-2w45-l967-a866-252fr2892282,59
73z3m843-6389-e5n1-y66v-w65h6h1yl3y4,59
92i63y29-593e-2u6y-865p-43f8823934x8,71
35qg9l38-529e-43i8-t493-57334s385288,54
6894l5tg-5p46-j5a4-hq2x-7z6y779a89m9,76
46n65871-j26n-63k6-9456-63vqs141f345,73
31n3413y-s1h3-e583-1afj-u9774m5d9263,63
9ji7775b-3w11-9268-186q-28186918981j,84
271a6lco-e838-21d6-99po-74ed1f81kt16,88
sdbw6437-k366-q2v4-3n86-i39dz4b2id89,70
745nqsb3-a127-8qg4-l88f-5759nh85636i,59
d3u963a7-7x74-16f7-8q6g-73w32i1l6m94,86
k86t127l-27g5-4824-13l8-29eg1l156447,56
81im6574-53av-e3q7-9i6h-111w32326159,65
a1ec1467-ul51-wso2-d6y9-7w1qj8792127,79
2yt43ql2-5w48-15wg-9217-2716z9b628f6,54
4111986t-7878-hz55-y423-c9jb6371trt2,71
83699521-ceyh-89c1-7v1u-718b5237vi27,90
78397377-95l7-6z56-9fj1-722334142843,84
l2834712-p869-4892-9236-5v5g84z92261,95
96452j8w-o69u-74im-6313-6l825t117c64,54
1q543hd9-4f49-96a8-1266-4845s135y66d,58
577r77j8-7fi8-8gz7-1737-1b11c7536rk3,90
v9298i18-77g5-y464-8838-i5m212a98512,60
z4d68fmr-5ry5-1dhz-1kqe-51fz69469147,86
55m657oe-q1j1-k617-4532-959kbu79x846,57
142qc53j-9wj6-538r-8rh1-t7r2sr181by7,92
214j5883-6742-9f87-8194-31417196tap1,92
322r8xy2-23yi-1691-864l-9596193eb9u3,91
186vy5c2-l29i-7899-bm1e-42u899r83w74,88
t5z17325-8278-442f-8517-9fcf862o544n,65
2y72i457-4851-8j69-2766-p5y9412qvpw7,52
35433j3w-9h8x-w285-71ml-t7z27cs9x347,61
2955875a-9426-385c-w894-9c3739557q51,78
r5l91n2h-5466-9dm7-3j7v-28q438276b7v,62
rdx34g38-g414-9467-s6ez-6975fr943q66,92
7411jd8x-1233-7k28-3928-w1e49t89nw3a,82
3445653y-825w-f6n3-89jf-a97p89n4mcn1,99
7975d75c-7591-9g14-m173-174rko5s75h2,64
y89b527w-v139-2f25-634t-8ue93335245s,75
1w8q75i7-y353-2579-845o-sx8vz2663273,53
874913x2-1993-lxk7-e594-a67345n2meh7,78
u4x95xld-64k1-k994-86s4-7bj852658h7k,84
7ulzif14-88ma-3448-5294-b2r53418775x,50
1cg1b6l9-932k-4q6b-9h32-g663k595h355,97
43452395-2755-5v2x-f284-34yf4887s12s,91
78g68939-7i8p-98d7-58s1-3t6w12i885a5,65
t329nv88-beu3-87v7-6321-49gx6dqr7137,80
4992w549-775a-9c42-7825-473z77389a93,78
9661yn43-d2n4-13jn-5758-5123hfpf7k22,90
9v8yp442-6578-9u8g-1493-1j163a3kn283,67
564853c8-5y34-p714-t19a-241j738u5171,82
49snp3kx-o647-85vy-9h74-8r2oa17x41h9,99
u276w8x1-69lb-u218-3265-7s8334qvle19,57
21623571-u239-843j-2466-729442q66489,74
73m5i911-r787-2688-w977-7624u7p53pm7,84
4mjy2773-278w-5l21-z329-5c94rl1w7b44,71
27f862l2-2946-m426-4l61-3418138224hk,97
542i1538-h855-76e3-7456-k2kc7811529z,77
i31h23o6-238q-7521-1aln-5g693rd73h8g,63
85ndd548-c439-77w3-2dx4-z72tn6l8v62n,78
2gk59pu6-26s2-8674-622z-i89454143sjp,52
k8175381-b16z-767l-69u3-61yn2872743h,71
9999169i-3837-r514-7z26-3k1159176212,56
78574b2l-825y-5j94-6113-7d3248jcv291,54
b3t55lyh-an5m-5148-j7c7-58h232d4xo83,79
1n343oh8-x434-446r-8389-g9i571999577,59
288m6b8g-6p95-q5d4-4791-9937vs8m437x,87
3994i6ps-49a1-5884-8l4q-kfn71641e563,77
b3l9d515-4ow5-27j2-5n86-8qy34j82c3u2,81
3m3n3286-47rp-8v8f-5584-2e1z5954xlto,92
679s4u59-qj71-9262-k332-45799292116l,59
355pdk15-2h85-9xp8-5c59-6bz1994x6l25,74
m39az784-z16p-n52b-n659-h17379e6f698,83
g1l2a213-11f9-9i1v-478q-95z61o498gai,94
5f8w492r-33v4-8874-9h7j-579t5lyi3266,76
x2ba5yr7-1825-6458-bv45-18w76wq95usp,74
qp9p33f6-4958-17e1-9j39-49236971v4b5,66
n7348ua7-tpa3-3431-67au-jk7m8469yr68,98
j9187q21-h79n-53z5-72a1-lev2921h9y97,80
7v8238h2-f553-316n-8s4e-73144z47273t,94
ev7e4xh7-1j46-4ri1-s4ja-22yb3w9ez675,64
1662i443-9k68-n826-2p36-o945g1ugez59,50
qa8y7276-q232-5e5b-8643-58669s4h923s,83
67tk4597-1469-t1u1-r1o5-by97lwt59v97,95
1wrj8593-9r63-cz36-9h8w-y9y129qx992h,74
729g3u39-8n4u-5564-j68a-4w3j5m1g97f8,95
72g36ps6-97a7-526z-3n43-82l789941265,90
614q84l5-7135-9k8y-o2bv-91411qo658nd,57
ox61w4z2-t67i-7562-1922-54315xs983w8,60
e8hz59a1-185k-96c4-142p-u42x66487w71,82
o5s77o17-5436-5n77-54sy-2817798s58ya,58
9gh94459-55r1-a865-9347-9695e19be464,73
vge5v981-9261-382u-568n-8871779x5489,84
5d33334n-5x23-1232-24r7-7b693j116p5m,69
7rrr5hy2-a5tv-69tw-c442-538r8121mn62,96
yht8ti26-41q3-4524-99o9-v551733d5578,50
52871659-187h-k3s1-3p23-35c524f3a678,53
g29z1449-4683-2144-5655-91563h9k7941,77
nmg1m99z-7s62-5954-97u4-1968c291t68g,51
932r8k12-s15r-4789-o883-597g293ut69k,55
6u65r15j-9kg8-99q4-287r-949336m579n4,90
5259t5fg-6d65-xh69-2453-z172it664447,85
5p815656-s2i7-9991-6d24-4z158918t712,93
9wp98616-9z38-8x8i-1431-772dm14349eh,71
93j2l63z-3536-b944-45m6-53o13l19d946,53
u4l323w5-1s4s-3358-2269-i4fo44ro31o8,94
b79h9527-yk92-xav6-9u19-867ch2836192,91
45581uxs-2p1u-2e9q-29l8-s48u846co569,50
13t3n963-34pp-4za2-717f-21218v2s62yt,83
oz596897-uan3-q422-7154-e9l9l2922797,67
85953it5-w12h-861b-v41w-9ns24s4g42n6,76
uv8f53u4-15c8-e353-1321-je5mh1133s4h,51
97741221-9442-34ok-76e1-82x39912bv15,98
y1334op1-6962-a549-618z-1j5dd5c263n8,64
12b436c3-6f4b-2362-m137-rs5kg8x61q1j,69
p46s597f-e574-3cn8-2314-4w9128718334,63
464y2835-r678-6171-t1l3-z538g4293z18,68
r1772769-857e-7852-1187-q3m7t7l19291,87
93x8824c-13av-x613-8kw3-5y4un41u89y3,72
895uo358-8391-1222-5u46-83w44656374n,63
47746ji8-4ep9-57d9-933t-25t875c3h392,73
7o4b395z-sxdq-3721-x682-r5h42725459v,93
65259t85-3wx7-k99f-9813-569847d8ct8k,90
9gm71x97-9411-1c55-3276-647r52d57221,50
